ITI_dur,RespWinDur,ShockDur,ShockFlag,Reminder,Stim_Duration,TrialType,RespLatency,AMdepth,AMrate,Highpass,Lowpass,dBSPL,sStim,Optostim,AirPuff,ResponseCode,TrialID,ComputerTimestamp_1,ComputerTimestamp_2,ComputerTimestamp_3,ComputerTimestamp_4,ComputerTimestamp_5,ComputerTimestamp_6,PumpRate,Nogo_lim,Nogo_min,Trial_onset,Trial_offset,Subj_id,Session_id,Hit,Miss,CR,FA
100,100,300,1,1,1000,0,434.811,1,5,100,20000,45,149025,0,0,17,1,2022,2,1,16,11,53.288,0.2,5,3,191.335424,192.3354624,SUBJ-ID-279,FP-Aversive-AM-220201-160835,1,0,0,0
100,100,300,1,1,1000,0,650.2814,1,5,100,20000,45,251839,0,0,17,2,2022,2,1,16,12,1.711,0.2,5,3,199.7633536,200.763392,SUBJ-ID-279,FP-Aversive-AM-220201-160835,1,0,0,0
100,100,300,1,1,1000,0,601.82564,1,5,100,20000,45,327837,0,0,17,3,2022,2,1,16,12,7.937,0.2,5,3,205.9895194,206.9895578,SUBJ-ID-279,FP-Aversive-AM-220201-160835,1,0,0,0
100,100,300,1,0,1000,1,,0,5,100,20000,45,15978,0,0,36,4,2022,2,1,16,12,12.42,0.2,5,3,210.4942797,211.4443264,SUBJ-ID-279,FP-Aversive-AM-220201-160835,0,0,1,0
100,100,300,1,0,1000,1,,0,5,100,20000,45,29720,0,0,36,5,2022,2,1,16,12,13.546,0.2,5,3,211.6679885,212.6180352,SUBJ-ID-279,FP-Aversive-AM-220201-160835,0,0,1,0
100,100,300,1,0,1000,1,,0,5,100,20000,45,43271,0,0,36,6,2022,2,1,16,12,14.657,0.2,5,3,212.8046285,213.7546752,SUBJ-ID-279,FP-Aversive-AM-220201-160835,0,0,1,0
100,100,300,1,0,1000,1,,0,5,100,20000,45,56754,0,0,36,7,2022,2,1,16,12,15.761,0.2,5,3,213.9101798,214.8602266,SUBJ-ID-279,FP-Aversive-AM-220201-160835,0,0,1,0
100,100,300,1,0,1000,0,1185.79232,0.349999994,5,100,20000,45,70327,0,0,18,8,2022,2,1,16,12,16.873,0.2,5,3,215.0152397,215.9652864,SUBJ-ID-279,FP-Aversive-AM-220201-160835,0,1,0,0
100,100,300,1,0,1000,1,,0,5,100,20000,45,86142,0,0,40,9,2022,2,1,16,12,18.169,0.2,5,3,216.2653594,217.2653978,SUBJ-ID-279,FP-Aversive-AM-220201-160835,0,0,0,1
100,100,300,1,0,1000,1,,0,5,100,20000,45,192630,0,0,36,10,2022,2,1,16,12,26.892,0.2,5,3,224.9693798,225.9194266,SUBJ-ID-279,FP-Aversive-AM-220201-160835,0,0,1,0
100,100,300,1,0,1000,1,,0,5,100,20000,45,207165,0,0,36,11,2022,2,1,16,12,28.082,0.2,5,3,226.1784371,227.1284838,SUBJ-ID-279,FP-Aversive-AM-220201-160835,0,0,1,0
100,100,300,1,0,1000,0,1018.57324,0.25,5,100,20000,45,221578,0,0,18,12,2022,2,1,16,12,29.264,0.2,5,3,227.3533338,228.3033805,SUBJ-ID-279,FP-Aversive-AM-220201-160835,0,1,0,0
100,100,300,1,0,1000,1,,0,5,100,20000,45,288132,0,0,36,13,2022,2,1,16,12,34.716,0.2,5,3,232.8470938,233.7971405,SUBJ-ID-279,FP-Aversive-AM-220201-160835,0,0,1,0
100,100,300,1,0,1000,1,,0,5,100,20000,45,301997,0,0,36,14,2022,2,1,16,12,35.851,0.2,5,3,233.9655475,234.9155942,SUBJ-ID-279,FP-Aversive-AM-220201-160835,0,0,1,0
100,100,300,1,0,1000,1,,0,5,100,20000,45,316020,0,0,36,15,2022,2,1,16,12,37,0.2,5,3,235.1046656,236.0547123,SUBJ-ID-279,FP-Aversive-AM-220201-160835,0,0,1,0
100,100,300,1,0,1000,0,1007.12432,0.180000007,5,100,20000,45,329747,0,0,18,16,2022,2,1,16,12,38.125,0.2,5,3,236.2647757,237.2148224,SUBJ-ID-279,FP-Aversive-AM-220201-160835,0,1,0,0
100,100,300,1,0,1000,1,,0,5,100,20000,45,38003,0,0,36,17,2022,2,1,16,12,44.257,0.2,5,3,242.4011366,243.3511834,SUBJ-ID-279,FP-Aversive-AM-220201-160835,0,0,1,0
100,100,300,1,0,1000,1,,0,5,100,20000,45,51404,0,0,36,18,2022,2,1,16,12,45.354,0.2,5,3,243.5017523,244.451799,SUBJ-ID-279,FP-Aversive-AM-220201-160835,0,0,1,0
100,100,300,1,0,1000,1,,0,5,100,20000,45,65308,0,0,36,19,2022,2,1,16,12,46.493,0.2,5,3,244.6026547,245.5527014,SUBJ-ID-279,FP-Aversive-AM-220201-160835,0,0,1,0
100,100,300,1,0,1000,1,,0,5,100,20000,45,79085,0,0,36,20,2022,2,1,16,12,47.622,0.2,5,3,245.7449677,246.6950144,SUBJ-ID-279,FP-Aversive-AM-220201-160835,0,0,1,0
100,100,300,0,0,1000,0,,0.119999997,5,100,20000,45,92678,0,0,18,21,2022,2,1,16,12,48.736,0.2,5,3,246.8680294,247.8180762,SUBJ-ID-279,FP-Aversive-AM-220201-160835,0,1,0,0
100,100,300,0,0,1000,1,,0,5,100,20000,45,106270,0,0,36,22,2022,2,1,16,12,49.849,0.2,5,3,247.9778202,248.9278669,SUBJ-ID-279,FP-Aversive-AM-220201-160835,0,0,1,0
100,100,300,0,0,1000,1,,0,5,100,20000,45,119793,0,0,36,23,2022,2,1,16,12,50.957,0.2,5,3,249.1047117,250.0547584,SUBJ-ID-279,FP-Aversive-AM-220201-160835,0,0,1,0
100,100,300,0,0,1000,1,,0,5,100,20000,45,133248,0,0,36,24,2022,2,1,16,12,52.059,0.2,5,3,250.1976474,251.1476941,SUBJ-ID-279,FP-Aversive-AM-220201-160835,0,0,1,0
100,100,300,0,0,1000,0,,0.079999998,5,100,20000,45,146783,0,0,18,25,2022,2,1,16,12,53.169,0.2,5,3,251.3126195,252.2626662,SUBJ-ID-279,FP-Aversive-AM-220201-160835,0,1,0,0
100,100,300,0,0,1000,1,889.201,0,5,100,20000,45,161653,0,0,40,26,2022,2,1,16,12,54.386,0.2,5,3,252.419584,253.4196224,SUBJ-ID-279,FP-Aversive-AM-220201-160835,0,0,0,1
100,100,300,0,0,1000,1,,0,5,100,20000,45,175623,0,0,36,27,2022,2,1,16,12,55.53,0.2,5,3,253.6365261,254.5865728,SUBJ-ID-279,FP-Aversive-AM-220201-160835,0,0,1,0
100,100,300,0,0,1000,1,,0,5,100,20000,45,189184,0,0,36,28,2022,2,1,16,12,56.642,0.2,5,3,254.7785728,255.7286195,SUBJ-ID-279,FP-Aversive-AM-220201-160835,0,0,1,0
100,100,300,0,0,1000,1,,0,5,100,20000,45,203112,0,0,36,29,2022,2,1,16,12,57.783,0.2,5,3,255.8928896,256.8429363,SUBJ-ID-279,FP-Aversive-AM-220201-160835,0,0,1,0
100,100,300,1,0,1000,0,694.08816,0.349999994,5,100,20000,45,217868,0,0,17,30,2022,2,1,16,12,58.991,0.2,5,3,257.0251878,258.0252262,SUBJ-ID-279,FP-Aversive-AM-220201-160835,1,0,0,0
100,100,300,1,0,1000,1,,0,5,100,20000,45,234512,0,0,36,31,2022,2,1,16,13,0.355,0.2,5,3,258.4348672,259.3849139,SUBJ-ID-279,FP-Aversive-AM-220201-160835,0,0,1,0
100,100,300,1,0,1000,1,,0,5,100,20000,45,248082,0,0,36,32,2022,2,1,16,13,1.466,0.2,5,3,259.606528,260.5565747,SUBJ-ID-279,FP-Aversive-AM-220201-160835,0,0,1,0
100,100,300,1,0,1000,1,,0,5,100,20000,45,262432,0,0,36,33,2022,2,1,16,13,2.642,0.2,5,3,260.7416525,261.6916992,SUBJ-ID-279,FP-Aversive-AM-220201-160835,0,0,1,0
100,100,300,1,0,1000,1,,0,5,100,20000,45,276068,0,0,36,34,2022,2,1,16,13,3.76,0.2,5,3,261.8937958,262.8438426,SUBJ-ID-279,FP-Aversive-AM-220201-160835,0,0,1,0
100,100,300,1,0,1000,1,899.54316,0,5,100,20000,45,290120,0,0,40,35,2022,2,1,16,13,4.912,0.2,5,3,263.0094438,264.0094822,SUBJ-ID-279,FP-Aversive-AM-220201-160835,0,0,0,1
100,100,300,1,0,1000,0,1011.15928,0.25,5,100,20000,45,310537,0,0,18,36,2022,2,1,16,13,6.583,0.2,5,3,264.6914867,265.6415334,SUBJ-ID-279,FP-Aversive-AM-220201-160835,0,1,0,0
100,100,300,1,0,1000,1,,0,5,100,20000,45,362706,0,0,36,37,2022,2,1,16,13,10.857,0.2,5,3,268.9498112,269.8998579,SUBJ-ID-279,FP-Aversive-AM-220201-160835,0,0,1,0
100,100,300,1,0,1000,1,,0,5,100,20000,45,9801,0,0,36,38,2022,2,1,16,13,11.979,0.2,5,3,270.1078528,271.0578995,SUBJ-ID-279,FP-Aversive-AM-220201-160835,0,0,1,0
100,100,300,1,0,1000,1,,0,5,100,20000,45,23341,0,0,36,39,2022,2,1,16,13,13.088,0.2,5,3,271.2318157,272.1818624,SUBJ-ID-279,FP-Aversive-AM-220201-160835,0,0,1,0
100,100,300,1,0,1000,1,,0,5,100,20000,45,37111,0,0,36,40,2022,2,1,16,13,14.215,0.2,5,3,272.3387802,273.2888269,SUBJ-ID-279,FP-Aversive-AM-220201-160835,0,0,1,0
100,100,300,1,0,1000,1,,0,5,100,20000,45,50814,0,0,36,41,2022,2,1,16,13,15.338,0.2,5,3,273.479168,274.4292147,SUBJ-ID-279,FP-Aversive-AM-220201-160835,0,0,1,0
100,100,300,1,0,1000,0,712.06936,0.180000007,5,100,20000,45,65951,0,0,17,42,2022,2,1,16,13,16.578,0.2,5,3,274.5890406,275.589079,SUBJ-ID-279,FP-Aversive-AM-220201-160835,1,0,0,0
100,100,300,1,0,1000,1,,0,5,100,20000,45,88465,0,0,36,43,2022,2,1,16,13,18.423,0.2,5,3,276.5055795,277.4556262,SUBJ-ID-279,FP-Aversive-AM-220201-160835,0,0,1,0
100,100,300,1,0,1000,1,,0,5,100,20000,45,102392,0,0,36,44,2022,2,1,16,13,19.563,0.2,5,3,277.6737587,278.6238054,SUBJ-ID-279,FP-Aversive-AM-220201-160835,0,0,1,0
100,100,300,1,0,1000,1,,0,5,100,20000,45,115886,0,0,36,45,2022,2,1,16,13,20.669,0.2,5,3,278.8140646,279.7641114,SUBJ-ID-279,FP-Aversive-AM-220201-160835,0,0,1,0
100,100,300,1,0,1000,1,,0,5,100,20000,45,129460,0,0,36,46,2022,2,1,16,13,21.781,0.2,5,3,279.9145779,280.8646246,SUBJ-ID-279,FP-Aversive-AM-220201-160835,0,0,1,0
100,100,300,1,0,1000,1,,0,5,100,20000,45,142981,0,0,36,47,2022,2,1,16,13,22.889,0.2,5,3,281.0295706,281.9796173,SUBJ-ID-279,FP-Aversive-AM-220201-160835,0,0,1,0
100,100,300,0,0,1000,0,,0.119999997,5,100,20000,45,156499,0,0,18,48,2022,2,1,16,13,23.996,0.2,5,3,282.1350605,283.0851072,SUBJ-ID-279,FP-Aversive-AM-220201-160835,0,1,0,0
100,100,300,0,0,1000,1,,0,5,100,20000,45,170055,0,0,36,49,2022,2,1,16,13,25.106,0.2,5,3,283.2413696,284.1914163,SUBJ-ID-279,FP-Aversive-AM-220201-160835,0,0,1,0
100,100,300,0,0,1000,1,,0,5,100,20000,45,183575,0,0,36,50,2022,2,1,16,13,26.214,0.2,5,3,284.3551744,285.3052211,SUBJ-ID-279,FP-Aversive-AM-220201-160835,0,0,1,0
100,100,300,0,0,1000,1,,0,5,100,20000,45,197486,0,0,36,51,2022,2,1,16,13,27.354,0.2,5,3,285.4639821,286.4140288,SUBJ-ID-279,FP-Aversive-AM-220201-160835,0,0,1,0
100,100,300,0,0,1000,1,,0,5,100,20000,45,211463,0,0,36,52,2022,2,1,16,13,28.499,0.2,5,3,286.6029158,287.5529626,SUBJ-ID-279,FP-Aversive-AM-220201-160835,0,0,1,0
100,100,300,0,0,1000,0,706.92836,0.079999998,5,100,20000,45,225891,0,0,17,53,2022,2,1,16,13,29.681,0.2,5,3,287.7658726,288.765911,SUBJ-ID-279,FP-Aversive-AM-220201-160835,1,0,0,0
100,100,300,0,0,1000,1,,0,5,100,20000,45,240122,0,0,36,54,2022,2,1,16,13,30.847,0.2,5,3,288.9785754,289.9286221,SUBJ-ID-279,FP-Aversive-AM-220201-160835,0,0,1,0
100,100,300,0,0,1000,1,,0,5,100,20000,45,254042,0,0,36,55,2022,2,1,16,13,31.987,0.2,5,3,290.1036237,291.0536704,SUBJ-ID-279,FP-Aversive-AM-220201-160835,0,0,1,0
100,100,300,0,0,1000,1,,0,5,100,20000,45,267789,0,0,36,56,2022,2,1,16,13,33.113,0.2,5,3,291.2414925,292.1915392,SUBJ-ID-279,FP-Aversive-AM-220201-160835,0,0,1,0
100,100,300,1,0,1000,0,608.33756,0.349999994,5,100,20000,45,283296,0,0,17,57,2022,2,1,16,13,34.383,0.2,5,3,292.3832934,293.3833318,SUBJ-ID-279,FP-Aversive-AM-220201-160835,1,0,0,0
100,100,300,1,0,1000,1,,0,5,100,20000,45,298260,0,0,36,58,2022,2,1,16,13,35.61,0.2,5,3,293.6843674,294.6344141,SUBJ-ID-279,FP-Aversive-AM-220201-160835,0,0,1,0
100,100,300,1,0,1000,1,,0,5,100,20000,45,312148,0,0,36,59,2022,2,1,16,13,36.747,0.2,5,3,294.8754022,295.825449,SUBJ-ID-279,FP-Aversive-AM-220201-160835,0,0,1,0
100,100,300,1,0,1000,1,,0,5,100,20000,45,325860,0,0,36,60,2022,2,1,16,13,37.87,0.2,5,3,296.013312,296.9633587,SUBJ-ID-279,FP-Aversive-AM-220201-160835,0,0,1,0
100,100,300,1,0,1000,1,,0,5,100,20000,45,340011,0,0,36,61,2022,2,1,16,13,39.03,0.2,5,3,297.1165696,298.0666163,SUBJ-ID-279,FP-Aversive-AM-220201-160835,0,0,1,0
100,100,300,1,0,1000,0,432.84512,0.25,5,100,20000,45,354118,0,0,17,62,2022,2,1,16,13,40.185,0.2,5,3,298.2836429,299.2836813,SUBJ-ID-279,FP-Aversive-AM-220201-160835,1,0,0,0
100,100,300,1,0,1000,1,,0,5,100,20000,45,2703,0,0,36,63,2022,2,1,16,13,41.429,0.2,5,3,299.4889523,300.438999,SUBJ-ID-279,FP-Aversive-AM-220201-160835,0,0,1,0
100,100,300,1,0,1000,1,,0,5,100,20000,45,16562,0,0,36,64,2022,2,1,16,13,42.564,0.2,5,3,300.6823834,301.6324301,SUBJ-ID-279,FP-Aversive-AM-220201-160835,0,0,1,0
100,100,300,1,0,1000,1,,0,5,100,20000,45,30410,0,0,36,65,2022,2,1,16,13,43.699,0.2,5,3,301.8273792,302.7774259,SUBJ-ID-279,FP-Aversive-AM-220201-160835,0,0,1,0
100,100,300,1,0,1000,0,1081.40528,0.180000007,5,100,20000,45,43952,0,0,18,66,2022,2,1,16,13,44.808,0.2,5,3,302.9455667,303.8956134,SUBJ-ID-279,FP-Aversive-AM-220201-160835,0,1,0,0
100,100,300,1,0,1000,1,,0,5,100,20000,45,75258,0,0,36,67,2022,2,1,16,13,47.373,0.2,5,3,305.4459904,306.3960371,SUBJ-ID-279,FP-Aversive-AM-220201-160835,0,0,1,0
100,100,300,1,0,1000,1,,0,5,100,20000,45,88984,0,0,36,68,2022,2,1,16,13,48.497,0.2,5,3,306.621481,307.5715277,SUBJ-ID-279,FP-Aversive-AM-220201-160835,0,0,1,0
100,100,300,1,0,1000,1,,0,5,100,20000,45,103080,0,0,36,69,2022,2,1,16,13,49.652,0.2,5,3,307.760128,308.7101747,SUBJ-ID-279,FP-Aversive-AM-220201-160835,0,0,1,0
100,100,300,1,0,1000,1,,0,5,100,20000,45,116649,0,0,36,70,2022,2,1,16,13,50.764,0.2,5,3,308.903383,309.8534298,SUBJ-ID-279,FP-Aversive-AM-220201-160835,0,0,1,0
100,100,300,0,0,1000,0,,0.119999997,5,100,20000,45,130874,0,0,18,71,2022,2,1,16,13,51.929,0.2,5,3,310.0270387,310.9770854,SUBJ-ID-279,FP-Aversive-AM-220201-160835,0,1,0,0
100,100,300,0,0,1000,1,,0,5,100,20000,45,144695,0,0,36,72,2022,2,1,16,13,53.061,0.2,5,3,311.181824,312.1318707,SUBJ-ID-279,FP-Aversive-AM-220201-160835,0,0,1,0
100,100,300,0,0,1000,1,,0,5,100,20000,45,158214,0,0,36,73,2022,2,1,16,13,54.168,0.2,5,3,312.3053773,313.255424,SUBJ-ID-279,FP-Aversive-AM-220201-160835,0,0,1,0
100,100,300,0,0,1000,1,,0,5,100,20000,45,171731,0,0,36,74,2022,2,1,16,13,55.276,0.2,5,3,313.4154138,314.3654605,SUBJ-ID-279,FP-Aversive-AM-220201-160835,0,0,1,0
100,100,300,0,0,1000,0,,0.079999998,5,100,20000,45,185764,0,0,18,75,2022,2,1,16,13,56.425,0.2,5,3,314.5377178,315.4877645,SUBJ-ID-279,FP-Aversive-AM-220201-160835,0,1,0,0
100,100,300,0,0,1000,1,,0,5,100,20000,45,199804,0,0,36,76,2022,2,1,16,13,57.576,0.2,5,3,315.7042381,316.6542848,SUBJ-ID-279,FP-Aversive-AM-220201-160835,0,0,1,0
100,100,300,0,0,1000,1,,0,5,100,20000,45,213690,0,0,36,77,2022,2,1,16,13,58.713,0.2,5,3,316.8385229,317.7885696,SUBJ-ID-279,FP-Aversive-AM-220201-160835,0,0,1,0
100,100,300,0,0,1000,1,,0,5,100,20000,45,227244,0,0,36,78,2022,2,1,16,13,59.823,0.2,5,3,317.9667046,318.9167514,SUBJ-ID-279,FP-Aversive-AM-220201-160835,0,0,1,0
100,100,300,1,0,1000,0,458.95708,0.349999994,5,100,20000,45,241455,0,0,17,79,2022,2,1,16,14,0.988,0.2,5,3,319.0846259,320.0846643,SUBJ-ID-279,FP-Aversive-AM-220201-160835,1,0,0,0
100,100,300,1,0,1000,1,,0,5,100,20000,45,256819,0,0,36,80,2022,2,1,16,14,2.247,0.2,5,3,320.3868058,321.3368525,SUBJ-ID-279,FP-Aversive-AM-220201-160835,0,0,1,0
100,100,300,1,0,1000,1,,0,5,100,20000,45,270557,0,0,36,81,2022,2,1,16,14,3.372,0.2,5,3,321.5140659,322.4641126,SUBJ-ID-279,FP-Aversive-AM-220201-160835,0,0,1,0
100,100,300,1,0,1000,1,,0,5,100,20000,45,284392,0,0,36,82,2022,2,1,16,14,4.506,0.2,5,3,322.6337894,323.5838362,SUBJ-ID-279,FP-Aversive-AM-220201-160835,0,0,1,0
100,100,300,1,0,1000,1,,0,5,100,20000,45,298021,0,0,36,83,2022,2,1,16,14,5.622,0.2,5,3,323.7625446,324.7125914,SUBJ-ID-279,FP-Aversive-AM-220201-160835,0,0,1,0
100,100,300,1,0,1000,0,744.0382,0.25,5,100,20000,45,313338,0,0,17,84,2022,2,1,16,14,6.877,0.2,5,3,324.8693248,325.8693632,SUBJ-ID-279,FP-Aversive-AM-220201-160835,1,0,0,0
100,100,300,1,0,1000,1,,0,5,100,20000,45,328494,0,0,36,85,2022,2,1,16,14,8.118,0.2,5,3,326.1718733,327.12192,SUBJ-ID-279,FP-Aversive-AM-220201-160835,0,0,1,0
100,100,300,1,0,1000,1,,0,5,100,20000,45,342350,0,0,36,86,2022,2,1,16,14,9.253,0.2,5,3,327.3706701,328.3207168,SUBJ-ID-279,FP-Aversive-AM-220201-160835,0,0,1,0
100,100,300,1,0,1000,1,,0,5,100,20000,45,356040,0,0,36,87,2022,2,1,16,14,10.375,0.2,5,3,328.5099725,329.4600192,SUBJ-ID-279,FP-Aversive-AM-220201-160835,0,0,1,0
100,100,300,1,0,1000,0,784.67088,0.180000007,5,100,20000,45,4445,0,0,17,88,2022,2,1,16,14,11.604,0.2,5,3,329.6316211,330.6316595,SUBJ-ID-279,FP-Aversive-AM-220201-160835,1,0,0,0
100,100,300,1,0,1000,1,,0,5,100,20000,45,21104,0,0,36,89,2022,2,1,16,14,12.968,0.2,5,3,331.1095398,332.0595866,SUBJ-ID-279,FP-Aversive-AM-220201-160835,0,0,1,0
100,100,300,1,0,1000,1,,0,5,100,20000,45,35088,0,0,36,90,2022,2,1,16,14,14.114,0.2,5,3,332.233687,333.1837338,SUBJ-ID-279,FP-Aversive-AM-220201-160835,0,0,1,0
100,100,300,1,0,1000,1,,0,5,100,20000,45,49074,0,0,36,91,2022,2,1,16,14,15.26,0.2,5,3,333.3694054,334.3194522,SUBJ-ID-279,FP-Aversive-AM-220201-160835,0,0,1,0
100,100,300,1,0,1000,1,,0,5,100,20000,45,62967,0,0,36,92,2022,2,1,16,14,16.397,0.2,5,3,334.5086669,335.4587136,SUBJ-ID-279,FP-Aversive-AM-220201-160835,0,0,1,0
100,100,300,1,0,1000,1,,0,5,100,20000,45,76555,0,0,36,93,2022,2,1,16,14,17.51,0.2,5,3,335.6483789,336.5984256,SUBJ-ID-279,FP-Aversive-AM-220201-160835,0,0,1,0
100,100,300,0,0,1000,0,,0.119999997,5,100,20000,45,90416,0,0,18,94,2022,2,1,16,14,18.647,0.2,5,3,336.7561216,337.7061683,SUBJ-ID-279,FP-Aversive-AM-220201-160835,0,1,0,0
100,100,300,0,0,1000,1,,0,5,100,20000,45,104418,0,0,36,95,2022,2,1,16,14,19.793,0.2,5,3,337.8991309,338.8491776,SUBJ-ID-279,FP-Aversive-AM-220201-160835,0,0,1,0
100,100,300,0,0,1000,1,,0,5,100,20000,45,118239,0,0,36,96,2022,2,1,16,14,20.925,0.2,5,3,339.0542848,340.0043315,SUBJ-ID-279,FP-Aversive-AM-220201-160835,0,0,1,0
100,100,300,0,0,1000,1,,0,5,100,20000,45,132268,0,0,36,97,2022,2,1,16,14,22.074,0.2,5,3,340.1916211,341.1416678,SUBJ-ID-279,FP-Aversive-AM-220201-160835,0,0,1,0
100,100,300,0,0,1000,1,,0,5,100,20000,45,145922,0,0,36,98,2022,2,1,16,14,23.194,0.2,5,3,341.3349786,342.2850253,SUBJ-ID-279,FP-Aversive-AM-220201-160835,0,0,1,0
100,100,300,0,0,1000,0,,0.079999998,5,100,20000,45,159626,0,0,18,99,2022,2,1,16,14,24.316,0.2,5,3,342.4432742,343.393321,SUBJ-ID-279,FP-Aversive-AM-220201-160835,0,1,0,0
100,100,300,0,0,1000,1,,0,5,100,20000,45,173558,0,0,36,100,2022,2,1,16,14,25.457,0.2,5,3,343.5726643,344.522711,SUBJ-ID-279,FP-Aversive-AM-220201-160835,0,0,1,0
100,100,300,0,0,1000,1,670.1258,0,5,100,20000,45,188688,0,0,40,101,2022,2,1,16,14,26.697,0.2,5,3,344.7196672,345.7197056,SUBJ-ID-279,FP-Aversive-AM-220201-160835,0,0,0,1
100,100,300,0,0,1000,1,,0,5,100,20000,45,208840,0,0,36,102,2022,2,1,16,14,28.348,0.2,5,3,346.4298701,347.3799168,SUBJ-ID-279,FP-Aversive-AM-220201-160835,0,0,1,0
100,100,300,1,0,1000,0,1038.88932,0.349999994,5,100,20000,45,222828,0,0,18,103,2022,2,1,16,14,29.494,0.2,5,3,347.6217037,348.5717504,SUBJ-ID-279,FP-Aversive-AM-220201-160835,0,1,0,0
100,100,300,1,0,1000,1,,0,5,100,20000,45,321575,0,0,36,104,2022,2,1,16,14,37.584,0.2,5,3,355.7205402,356.6705869,SUBJ-ID-279,FP-Aversive-AM-220201-160835,0,0,1,0
100,100,300,1,0,1000,1,,0,5,100,20000,45,335385,0,0,36,105,2022,2,1,16,14,38.715,0.2,5,3,356.8374989,357.7875456,SUBJ-ID-279,FP-Aversive-AM-220201-160835,0,0,1,0
100,100,300,1,0,1000,1,,0,5,100,20000,45,349058,0,0,36,106,2022,2,1,16,14,39.834,0.2,5,3,357.9751834,358.9252301,SUBJ-ID-279,FP-Aversive-AM-220201-160835,0,0,1,0
100,100,300,1,0,1000,1,,0,5,100,20000,45,363281,0,0,36,107,2022,2,1,16,14,40.999,0.2,5,3,359.1135846,360.0636314,SUBJ-ID-279,FP-Aversive-AM-220201-160835,0,0,1,0
100,100,300,1,0,1000,0,1013.82184,0.25,5,100,20000,45,10596,0,0,18,108,2022,2,1,16,14,42.139,0.2,5,3,360.2619802,361.2120269,SUBJ-ID-279,FP-Aversive-AM-220201-160835,0,1,0,0
100,100,300,1,0,1000,1,,0,5,100,20000,45,42870,0,0,36,109,2022,2,1,16,14,44.783,0.2,5,3,362.8986163,363.848663,SUBJ-ID-279,FP-Aversive-AM-220201-160835,0,0,1,0
100,100,300,1,0,1000,1,,0,5,100,20000,45,56358,0,0,36,110,2022,2,1,16,14,45.888,0.2,5,3,364.0316723,364.981719,SUBJ-ID-279,FP-Aversive-AM-220201-160835,0,0,1,0
100,100,300,1,0,1000,1,,0,5,100,20000,45,69994,0,0,36,111,2022,2,1,16,14,47.006,0.2,5,3,365.1335782,366.083625,SUBJ-ID-279,FP-Aversive-AM-220201-160835,0,0,1,0
100,100,300,1,0,1000,1,,0,5,100,20000,45,83724,0,0,36,112,2022,2,1,16,14,48.13,0.2,5,3,366.2614528,367.2114995,SUBJ-ID-279,FP-Aversive-AM-220201-160835,0,0,1,0
100,100,300,1,0,1000,0,1140.22444,0.180000007,5,100,20000,45,97647,0,0,18,113,2022,2,1,16,14,49.27,0.2,5,3,367.3968026,368.3577242,SUBJ-ID-279,FP-Aversive-AM-220201-160835,0,1,0,0
100,100,300,1,0,1000,1,,0,5,100,20000,45,114239,0,0,40,114,2022,2,1,16,14,50.63,0.2,5,3,368.6577971,369.6578355,SUBJ-ID-279,FP-Aversive-AM-220201-160835,0,0,0,1
100,100,300,1,0,1000,1,,0,5,100,20000,45,133376,0,0,36,115,2022,2,1,16,14,52.197,0.2,5,3,370.3052902,371.255337,SUBJ-ID-279,FP-Aversive-AM-220201-160835,0,0,1,0
100,100,300,1,0,1000,1,,0,5,100,20000,45,147132,0,0,36,116,2022,2,1,16,14,53.324,0.2,5,3,371.4494874,372.3995341,SUBJ-ID-279,FP-Aversive-AM-220201-160835,0,0,1,0
100,100,300,1,0,1000,1,,0,5,100,20000,45,161034,0,0,36,117,2022,2,1,16,14,54.463,0.2,5,3,372.5865574,373.5366042,SUBJ-ID-279,FP-Aversive-AM-220201-160835,0,0,1,0
100,100,300,0,0,1000,0,,0.119999997,5,100,20000,45,175282,0,0,18,118,2022,2,1,16,14,55.63,0.2,5,3,373.7322496,374.6822963,SUBJ-ID-279,FP-Aversive-AM-220201-160835,0,1,0,0
100,100,300,0,0,1000,1,,0,5,100,20000,45,189425,0,0,36,119,2022,2,1,16,14,56.789,0.2,5,3,374.8837376,375.8337843,SUBJ-ID-279,FP-Aversive-AM-220201-160835,0,0,1,0
100,100,300,0,0,1000,1,,0,5,100,20000,45,203023,0,0,36,120,2022,2,1,16,14,57.904,0.2,5,3,376.038441,376.9884877,SUBJ-ID-279,FP-Aversive-AM-220201-160835,0,0,1,0
100,100,300,0,0,1000,1,,0,5,100,20000,45,217034,0,0,36,121,2022,2,1,16,14,59.05,0.2,5,3,377.1633869,378.1134336,SUBJ-ID-279,FP-Aversive-AM-220201-160835,0,0,1,0
100,100,300,0,0,1000,1,,0,5,100,20000,45,230922,0,0,36,122,2022,2,1,16,15,0.189,0.2,5,3,378.305024,379.2550707,SUBJ-ID-279,FP-Aversive-AM-220201-160835,0,0,1,0
100,100,300,0,0,1000,0,,0.079999998,5,100,20000,45,244572,0,0,18,123,2022,2,1,16,15,1.307,0.2,5,3,379.4456986,380.3957453,SUBJ-ID-279,FP-Aversive-AM-220201-160835,0,1,0,0
100,100,300,0,0,1000,1,,0,5,100,20000,45,258488,0,0,36,124,2022,2,1,16,15,2.447,0.2,5,3,380.555305,381.5053517,SUBJ-ID-279,FP-Aversive-AM-220201-160835,0,0,1,0
100,100,300,0,0,1000,1,,0,5,100,20000,45,272422,0,0,36,125,2022,2,1,16,15,3.589,0.2,5,3,381.6980685,382.6481152,SUBJ-ID-279,FP-Aversive-AM-220201-160835,0,0,1,0
100,100,300,0,0,1000,1,,0,5,100,20000,45,291348,0,0,36,126,2022,2,1,16,15,5.139,0.2,5,3,383.2085299,384.1585766,SUBJ-ID-279,FP-Aversive-AM-220201-160835,0,0,1,0
100,100,300,0,0,1000,1,,0,5,100,20000,45,305630,0,0,36,127,2022,2,1,16,15,6.309,0.2,5,3,384.4077773,385.357824,SUBJ-ID-279,FP-Aversive-AM-220201-160835,0,0,1,0
100,100,300,0,0,1000,1,,0,5,100,20000,45,319218,0,0,36,128,2022,2,1,16,15,7.422,0.2,5,3,385.5567258,386.5067725,SUBJ-ID-279,FP-Aversive-AM-220201-160835,0,0,1,0
100,100,300,1,0,1000,0,1049.6002,0.349999994,5,100,20000,45,333304,0,0,18,129,2022,2,1,16,15,8.576,0.2,5,3,386.6866688,387.6367155,SUBJ-ID-279,FP-Aversive-AM-220201-160835,0,1,0,0
100,100,300,1,0,1000,1,,0,5,100,20000,45,1787,0,0,36,130,2022,2,1,16,15,11.45,0.2,5,3,389.5177421,390.4677888,SUBJ-ID-279,FP-Aversive-AM-220201-160835,0,0,1,0
100,100,300,1,0,1000,1,,0,5,100,20000,45,15568,0,0,36,131,2022,2,1,16,15,12.579,0.2,5,3,390.6977587,391.6478054,SUBJ-ID-279,FP-Aversive-AM-220201-160835,0,0,1,0
100,100,300,1,0,1000,1,,0,5,100,20000,45,29690,0,0,36,132,2022,2,1,16,15,13.735,0.2,5,3,391.8454989,392.7955456,SUBJ-ID-279,FP-Aversive-AM-220201-160835,0,0,1,0
100,100,300,1,0,1000,1,,0,5,100,20000,45,43655,0,0,36,133,2022,2,1,16,15,14.879,0.2,5,3,392.9953485,393.9453952,SUBJ-ID-279,FP-Aversive-AM-220201-160835,0,0,1,0
100,100,300,1,0,1000,0,1004.60572,0.25,5,100,20000,45,57935,0,0,18,134,2022,2,1,16,15,16.05,0.2,5,3,394.1577933,395.10784,SUBJ-ID-279,FP-Aversive-AM-220201-160835,0,1,0,0
100,100,300,1,0,1000,1,,0,5,100,20000,45,83398,0,0,36,135,2022,2,1,16,15,18.135,0.2,5,3,396.2411008,397.1911475,SUBJ-ID-279,FP-Aversive-AM-220201-160835,0,0,1,0
100,100,300,1,0,1000,1,,0,5,100,20000,45,97091,0,0,36,136,2022,2,1,16,15,19.257,0.2,5,3,397.3818163,398.331863,SUBJ-ID-279,FP-Aversive-AM-220201-160835,0,0,1,0
100,100,300,1,0,1000,1,,0,5,100,20000,45,110952,0,0,36,137,2022,2,1,16,15,20.392,0.2,5,3,398.5113498,399.4613965,SUBJ-ID-279,FP-Aversive-AM-220201-160835,0,0,1,0
100,100,300,1,0,1000,0,1005.22012,0.180000007,5,100,20000,45,124634,0,0,18,138,2022,2,1,16,15,21.513,0.2,5,3,399.6540109,400.6040576,SUBJ-ID-279,FP-Aversive-AM-220201-160835,0,1,0,0
100,100,300,1,0,1000,1,,0,5,100,20000,45,147673,0,0,36,139,2022,2,1,16,15,23.401,0.2,5,3,401.5407104,402.4907571,SUBJ-ID-279,FP-Aversive-AM-220201-160835,0,0,1,0
100,100,300,1,0,1000,1,,0,5,100,20000,45,161468,0,0,36,140,2022,2,1,16,15,24.531,0.2,5,3,402.6689331,403.6189798,SUBJ-ID-279,FP-Aversive-AM-220201-160835,0,0,1,0
100,100,300,1,0,1000,1,,0,5,100,20000,45,175741,0,0,36,141,2022,2,1,16,15,25.7,0.2,5,3,403.7968282,404.7468749,SUBJ-ID-279,FP-Aversive-AM-220201-160835,0,0,1,0
100,100,300,1,0,1000,1,,0,5,100,20000,45,189696,0,0,36,142,2022,2,1,16,15,26.844,0.2,5,3,404.9685299,405.9185766,SUBJ-ID-279,FP-Aversive-AM-220201-160835,0,0,1,0
100,100,300,0,0,1000,0,558.7352,0.119999997,5,100,20000,45,204767,0,0,17,143,2022,2,1,16,15,28.078,0.2,5,3,406.0991488,407.0991872,SUBJ-ID-279,FP-Aversive-AM-220201-160835,1,0,0,0
100,100,300,0,0,1000,1,,0,5,100,20000,45,219036,0,0,36,144,2022,2,1,16,15,29.247,0.2,5,3,407.390761,408.3408077,SUBJ-ID-279,FP-Aversive-AM-220201-160835,0,0,1,0
100,100,300,0,0,1000,1,,0,5,100,20000,45,232786,0,0,36,145,2022,2,1,16,15,30.374,0.2,5,3,408.4916634,409.4417101,SUBJ-ID-279,FP-Aversive-AM-220201-160835,0,0,1,0
100,100,300,0,0,1000,1,,0,5,100,20000,45,247089,0,0,36,146,2022,2,1,16,15,31.546,0.2,5,3,409.6384205,410.5884672,SUBJ-ID-279,FP-Aversive-AM-220201-160835,0,0,1,0
100,100,300,0,0,1000,1,,0,5,100,20000,45,261195,0,0,36,147,2022,2,1,16,15,32.7,0.2,5,3,410.8091392,411.7591859,SUBJ-ID-279,FP-Aversive-AM-220201-160835,0,0,1,0
100,100,300,0,0,1000,0,,0.079999998,5,100,20000,45,275933,0,0,18,148,2022,2,1,16,15,33.908,0.2,5,3,411.9701299,412.9201766,SUBJ-ID-279,FP-Aversive-AM-220201-160835,0,1,0,0
100,100,300,0,0,1000,1,267.12052,0,5,100,20000,45,290374,0,0,40,149,2022,2,1,16,15,35.091,0.2,5,3,413.1753165,414.1753549,SUBJ-ID-279,FP-Aversive-AM-220201-160835,0,0,0,1
100,100,300,0,0,1000,1,,0,5,100,20000,45,304508,0,0,36,150,2022,2,1,16,15,36.249,0.2,5,3,414.3565824,415.3066291,SUBJ-ID-279,FP-Aversive-AM-220201-160835,0,0,1,0
100,100,300,0,0,1000,1,,0,5,100,20000,45,318679,0,0,36,151,2022,2,1,16,15,37.41,0.2,5,3,415.5075174,416.4575642,SUBJ-ID-279,FP-Aversive-AM-220201-160835,0,0,1,0
100,100,300,1,0,1000,0,552.3456,0.349999994,5,100,20000,45,333642,0,0,17,152,2022,2,1,16,15,38.636,0.2,5,3,416.6703104,417.6703488,SUBJ-ID-279,FP-Aversive-AM-220201-160835,1,0,0,0
100,100,300,1,0,1000,1,,0,5,100,20000,45,347776,0,0,36,153,2022,2,1,16,15,39.793,0.2,5,3,417.8883379,418.8383846,SUBJ-ID-279,FP-Aversive-AM-220201-160835,0,0,1,0
100,100,300,1,0,1000,1,,0,5,100,20000,45,361480,0,0,36,154,2022,2,1,16,15,40.916,0.2,5,3,419.0585242,420.0085709,SUBJ-ID-279,FP-Aversive-AM-220201-160835,0,0,1,0
100,100,300,1,0,1000,1,,0,5,100,20000,45,8742,0,0,36,155,2022,2,1,16,15,42.051,0.2,5,3,420.1606758,421.1107226,SUBJ-ID-279,FP-Aversive-AM-220201-160835,0,0,1,0
100,100,300,1,0,1000,0,1019.4948,0.25,5,100,20000,45,22806,0,0,18,156,2022,2,1,16,15,43.203,0.2,5,3,421.3117952,422.2618419,SUBJ-ID-279,FP-Aversive-AM-220201-160835,0,1,0,0
100,100,300,1,0,1000,1,,0,5,100,20000,45,58862,0,0,36,157,2022,2,1,16,15,46.158,0.2,5,3,424.3009946,425.2510413,SUBJ-ID-279,FP-Aversive-AM-220201-160835,0,0,1,0
100,100,300,1,0,1000,1,,0,5,100,20000,45,72659,0,0,36,158,2022,2,1,16,15,47.287,0.2,5,3,425.4112973,426.361344,SUBJ-ID-279,FP-Aversive-AM-220201-160835,0,0,1,0
100,100,300,1,0,1000,1,,0,5,100,20000,45,86543,0,0,36,159,2022,2,1,16,15,48.425,0.2,5,3,426.5358131,427.4858598,SUBJ-ID-279,FP-Aversive-AM-220201-160835,0,0,1,0
100,100,300,1,0,1000,1,,0,5,100,20000,45,100424,0,0,36,160,2022,2,1,16,15,49.562,0.2,5,3,427.6861542,428.636201,SUBJ-ID-279,FP-Aversive-AM-220201-160835,0,0,1,0
100,100,300,1,0,1000,1,,0,5,100,20000,45,114128,0,0,36,161,2022,2,1,16,15,50.685,0.2,5,3,428.8291635,429.7792102,SUBJ-ID-279,FP-Aversive-AM-220201-160835,0,0,1,0
100,100,300,1,0,1000,0,1016.93476,0.180000007,5,100,20000,45,127971,0,0,18,162,2022,2,1,16,15,51.819,0.2,5,3,429.9435622,430.893609,SUBJ-ID-279,FP-Aversive-AM-220201-160835,0,1,0,0
100,100,300,1,0,1000,1,,0,5,100,20000,45,153613,0,0,36,163,2022,2,1,16,15,53.92,0.2,5,3,432.038441,432.9884877,SUBJ-ID-279,FP-Aversive-AM-220201-160835,0,0,1,0
100,100,300,1,0,1000,1,,0,5,100,20000,45,167182,0,0,36,164,2022,2,1,16,15,55.03,0.2,5,3,433.1636941,434.1137408,SUBJ-ID-279,FP-Aversive-AM-220201-160835,0,0,1,0
100,100,300,1,0,1000,1,,0,5,100,20000,45,181042,0,0,36,165,2022,2,1,16,15,56.166,0.2,5,3,434.2981427,435.2481894,SUBJ-ID-279,FP-Aversive-AM-220201-160835,0,0,1,0
100,100,300,0,0,1000,0,726.83504,0.119999997,5,100,20000,45,196408,0,0,17,166,2022,2,1,16,15,57.426,0.2,5,3,435.441193,436.4412314,SUBJ-ID-279,FP-Aversive-AM-220201-160835,1,0,0,0
100,100,300,0,0,1000,1,,0,5,100,20000,45,212229,0,0,36,167,2022,2,1,16,15,58.721,0.2,5,3,436.8428851,437.7929318,SUBJ-ID-279,FP-Aversive-AM-220201-160835,0,0,1,0
100,100,300,0,0,1000,1,,0,5,100,20000,45,226075,0,0,36,168,2022,2,1,16,15,59.856,0.2,5,3,437.9826995,438.9327462,SUBJ-ID-279,FP-Aversive-AM-220201-160835,0,0,1,0
100,100,300,0,0,1000,1,,0,5,100,20000,45,239753,0,0,36,169,2022,2,1,16,16,0.976,0.2,5,3,439.1188275,440.0688742,SUBJ-ID-279,FP-Aversive-AM-220201-160835,0,0,1,0
100,100,300,0,0,1000,0,,0.079999998,5,100,20000,45,253933,0,0,18,170,2022,2,1,16,16,2.137,0.2,5,3,440.2327142,441.182761,SUBJ-ID-279,FP-Aversive-AM-220201-160835,0,1,0,0
100,100,300,0,0,1000,1,879.32908,0,5,100,20000,45,268181,0,0,40,171,2022,2,1,16,16,3.305,0.2,5,3,441.3973299,442.3973683,SUBJ-ID-279,FP-Aversive-AM-220201-160835,0,0,0,1
100,100,300,0,0,1000,1,,0,5,100,20000,45,284719,0,0,36,172,2022,2,1,16,16,4.66,0.2,5,3,442.7976909,443.7477376,SUBJ-ID-279,FP-Aversive-AM-220201-160835,0,0,1,0
100,100,300,0,0,1000,1,,0,5,100,20000,45,298384,0,0,36,173,2022,2,1,16,16,5.78,0.2,5,3,443.9174758,444.8675226,SUBJ-ID-279,FP-Aversive-AM-220201-160835,0,0,1,0
100,100,300,1,0,1000,0,1141.98564,0.349999994,5,100,20000,45,313086,0,0,18,174,2022,2,1,16,16,6.984,0.2,5,3,445.0397594,446.0085862,SUBJ-ID-279,FP-Aversive-AM-220201-160835,0,1,0,0
100,100,300,1,0,1000,1,,0,5,100,20000,45,344779,0,0,36,175,2022,2,1,16,16,9.58,0.2,5,3,447.7082829,448.6583296,SUBJ-ID-279,FP-Aversive-AM-220201-160835,0,0,1,0
100,100,300,1,0,1000,1,,0,5,100,20000,45,358426,0,0,36,176,2022,2,1,16,16,10.698,0.2,5,3,448.835584,449.7856307,SUBJ-ID-279,FP-Aversive-AM-220201-160835,0,0,1,0
100,100,300,1,0,1000,1,,0,5,100,20000,45,6316,0,0,36,177,2022,2,1,16,16,11.885,0.2,5,3,449.9596698,450.9097165,SUBJ-ID-279,FP-Aversive-AM-220201-160835,0,0,1,0
100,100,300,1,0,1000,1,,0,5,100,20000,45,19885,0,0,36,178,2022,2,1,16,16,12.996,0.2,5,3,451.131863,452.0819098,SUBJ-ID-279,FP-Aversive-AM-220201-160835,0,0,1,0
100,100,300,1,0,1000,0,585.3596,0.25,5,100,20000,45,35167,0,0,17,179,2022,2,1,16,16,14.248,0.2,5,3,452.2568704,453.2569088,SUBJ-ID-279,FP-Aversive-AM-220201-160835,1,0,0,0
100,100,300,1,0,1000,1,,0,5,100,20000,45,48998,0,0,36,180,2022,2,1,16,16,15.381,0.2,5,3,453.5050854,454.4551322,SUBJ-ID-279,FP-Aversive-AM-220201-160835,0,0,1,0
100,100,300,1,0,1000,1,,0,5,100,20000,45,62904,0,0,36,181,2022,2,1,16,16,16.521,0.2,5,3,454.6463539,455.5964006,SUBJ-ID-279,FP-Aversive-AM-220201-160835,0,0,1,0
100,100,300,1,0,1000,1,,0,5,100,20000,45,76759,0,0,36,182,2022,2,1,16,16,17.655,0.2,5,3,455.7684531,456.7184998,SUBJ-ID-279,FP-Aversive-AM-220201-160835,0,0,1,0
100,100,300,1,0,1000,0,726.22112,0.180000007,5,100,20000,45,92025,0,0,17,183,2022,2,1,16,16,18.906,0.2,5,3,456.9109709,457.9110093,SUBJ-ID-279,FP-Aversive-AM-220201-160835,1,0,0,0
100,100,300,1,0,1000,1,,0,5,100,20000,45,106973,0,0,36,184,2022,2,1,16,16,20.13,0.2,5,3,458.1902746,459.1403213,SUBJ-ID-279,FP-Aversive-AM-220201-160835,0,0,1,0
100,100,300,1,0,1000,1,,0,5,100,20000,45,120870,0,0,36,185,2022,2,1,16,16,21.269,0.2,5,3,459.3798554,460.3299021,SUBJ-ID-279,FP-Aversive-AM-220201-160835,0,0,1,0
100,100,300,1,0,1000,1,,0,5,100,20000,45,134666,0,0,36,186,2022,2,1,16,16,22.399,0.2,5,3,460.5261414,461.4761882,SUBJ-ID-279,FP-Aversive-AM-220201-160835,0,0,1,0
100,100,300,1,0,1000,1,577.88448,0,5,100,20000,45,149781,0,0,40,187,2022,2,1,16,16,23.637,0.2,5,3,461.6662835,462.6663219,SUBJ-ID-279,FP-Aversive-AM-220201-160835,0,0,0,1
100,100,300,0,0,1000,0,,0.119999997,5,100,20000,45,164211,0,0,18,188,2022,2,1,16,16,24.82,0.2,5,3,462.9570355,463.9070822,SUBJ-ID-279,FP-Aversive-AM-220201-160835,0,1,0,0
100,100,300,0,0,1000,1,,0,5,100,20000,45,178225,0,0,36,189,2022,2,1,16,16,25.967,0.2,5,3,464.0787251,465.0287718,SUBJ-ID-279,FP-Aversive-AM-220201-160835,0,0,1,0
100,100,300,0,0,1000,1,,0,5,100,20000,45,191804,0,0,36,190,2022,2,1,16,16,27.079,0.2,5,3,465.2242944,466.1743411,SUBJ-ID-279,FP-Aversive-AM-220201-160835,0,0,1,0
100,100,300,0,0,1000,1,,0,5,100,20000,45,205737,0,0,36,191,2022,2,1,16,16,28.222,0.2,5,3,466.3418675,467.2919142,SUBJ-ID-279,FP-Aversive-AM-220201-160835,0,0,1,0
100,100,300,0,0,1000,1,,0,5,100,20000,45,227043,0,0,36,192,2022,2,1,16,16,29.967,0.2,5,3,468.1071821,469.0572288,SUBJ-ID-279,FP-Aversive-AM-220201-160835,0,0,1,0
100,100,300,0,0,1000,1,,0,5,100,20000,45,240947,0,0,36,193,2022,2,1,16,16,31.106,0.2,5,3,469.2292198,470.1792666,SUBJ-ID-279,FP-Aversive-AM-220201-160835,0,0,1,0
100,100,300,0,0,1000,0,,0.079999998,5,100,20000,45,254987,0,0,18,194,2022,2,1,16,16,32.256,0.2,5,3,470.3640371,471.3140838,SUBJ-ID-279,FP-Aversive-AM-220201-160835,0,1,0,0
100,100,300,0,0,1000,1,,0,5,100,20000,45,268763,0,0,36,195,2022,2,1,16,16,33.384,0.2,5,3,471.5089715,472.4590182,SUBJ-ID-279,FP-Aversive-AM-220201-160835,0,0,1,0
100,100,300,0,0,1000,1,,0,5,100,20000,45,292128,0,0,36,196,2022,2,1,16,16,35.299,0.2,5,3,473.4382285,474.3882752,SUBJ-ID-279,FP-Aversive-AM-220201-160835,0,0,1,0
100,100,300,0,0,1000,1,,0,5,100,20000,45,305750,0,0,36,197,2022,2,1,16,16,36.414,0.2,5,3,474.5556378,475.5056845,SUBJ-ID-279,FP-Aversive-AM-220201-160835,0,0,1,0
100,100,300,1,0,1000,0,568.89372,0.349999994,5,100,20000,45,320487,0,0,17,198,2022,2,1,16,16,37.622,0.2,5,3,475.6692173,476.6692557,SUBJ-ID-279,FP-Aversive-AM-220201-160835,1,0,0,0
100,100,300,1,0,1000,1,,0,5,100,20000,45,334200,0,0,36,199,2022,2,1,16,16,38.745,0.2,5,3,476.884992,477.8350387,SUBJ-ID-279,FP-Aversive-AM-220201-160835,0,0,1,0
100,100,300,1,0,1000,1,,0,5,100,20000,45,348520,0,0,36,200,2022,2,1,16,16,39.918,0.2,5,3,478.0110234,478.9610701,SUBJ-ID-279,FP-Aversive-AM-220201-160835,0,0,1,0
100,100,300,1,0,1000,1,,0,5,100,20000,45,362575,0,0,36,201,2022,2,1,16,16,41.069,0.2,5,3,479.1806566,480.1307034,SUBJ-ID-279,FP-Aversive-AM-220201-160835,0,0,1,0
100,100,300,1,0,1000,1,748.2572,0,5,100,20000,45,11259,0,0,40,202,2022,2,1,16,16,42.321,0.2,5,3,480.3340288,481.3340672,SUBJ-ID-279,FP-Aversive-AM-220201-160835,0,0,0,1
100,100,300,1,0,1000,0,1063.793,0.25,5,100,20000,45,27537,0,0,18,203,2022,2,1,16,16,43.655,0.2,5,3,481.730048,482.6800947,SUBJ-ID-279,FP-Aversive-AM-220201-160835,0,1,0,0
100,100,300,1,0,1000,1,,0,5,100,20000,45,49707,0,0,36,204,2022,2,1,16,16,45.471,0.2,5,3,483.6086374,484.5586842,SUBJ-ID-279,FP-Aversive-AM-220201-160835,0,0,1,0
100,100,300,1,0,1000,1,,0,5,100,20000,45,63563,0,0,36,205,2022,2,1,16,16,46.606,0.2,5,3,484.7291597,485.6792064,SUBJ-ID-279,FP-Aversive-AM-220201-160835,0,0,1,0
100,100,300,1,0,1000,1,,0,5,100,20000,45,77511,0,0,36,206,2022,2,1,16,16,47.748,0.2,5,3,485.8665574,486.8166042,SUBJ-ID-279,FP-Aversive-AM-220201-160835,0,0,1,0
100,100,300,1,0,1000,0,1016.17652,0.180000007,5,100,20000,45,91396,0,0,18,207,2022,2,1,16,16,48.887,0.2,5,3,487.0128845,487.9629312,SUBJ-ID-279,FP-Aversive-AM-220201-160835,0,1,0,0
100,100,300,1,0,1000,1,,0,5,100,20000,45,111025,0,0,36,208,2022,2,1,16,16,50.494,0.2,5,3,488.6365798,489.5866266,SUBJ-ID-279,FP-Aversive-AM-220201-160835,0,0,1,0
100,100,300,1,0,1000,1,,0,5,100,20000,45,125091,0,0,36,209,2022,2,1,16,16,51.646,0.2,5,3,489.7559757,490.7060224,SUBJ-ID-279,FP-Aversive-AM-220201-160835,0,0,1,0
100,100,300,1,0,1000,1,,0,5,100,20000,45,139349,0,0,36,210,2022,2,1,16,16,52.815,0.2,5,3,490.9097984,491.8598451,SUBJ-ID-279,FP-Aversive-AM-220201-160835,0,0,1,0
100,100,300,0,0,1000,0,,0.119999997,5,100,20000,45,153986,0,0,18,211,2022,2,1,16,16,54.013,0.2,5,3,492.1111757,493.0612224,SUBJ-ID-279,FP-Aversive-AM-220201-160835,0,1,0,0
100,100,300,0,0,1000,1,494.20256,0,5,100,20000,45,169131,0,0,40,212,2022,2,1,16,16,55.254,0.2,5,3,493.2772454,494.2772838,SUBJ-ID-279,FP-Aversive-AM-220201-160835,0,0,0,1
100,100,300,0,0,1000,1,,0,5,100,20000,45,183236,0,0,36,213,2022,2,1,16,16,56.41,0.2,5,3,494.5021133,495.45216,SUBJ-ID-279,FP-Aversive-AM-220201-160835,0,0,1,0
100,100,300,0,0,1000,1,,0,5,100,20000,45,197480,0,0,36,214,2022,2,1,16,16,57.577,0.2,5,3,495.6679578,496.6180045,SUBJ-ID-279,FP-Aversive-AM-220201-160835,0,0,1,0
100,100,300,0,0,1000,0,,0.079999998,5,100,20000,45,211360,0,0,18,215,2022,2,1,16,16,58.714,0.2,5,3,496.8413798,497.7914266,SUBJ-ID-279,FP-Aversive-AM-220201-160835,0,1,0,0
100,100,300,0,0,1000,1,,0,5,100,20000,45,225146,0,0,36,216,2022,2,1,16,16,59.844,0.2,5,3,497.9817472,498.9317939,SUBJ-ID-279,FP-Aversive-AM-220201-160835,0,0,1,0
100,100,300,0,0,1000,1,,0,5,100,20000,45,238886,0,0,36,217,2022,2,1,16,17,0.969,0.2,5,3,499.1009587,500.0510054,SUBJ-ID-279,FP-Aversive-AM-220201-160835,0,0,1,0
100,100,300,0,0,1000,1,,0,5,100,20000,45,252983,0,0,36,218,2022,2,1,16,17,2.123,0.2,5,3,500.2315162,501.1815629,SUBJ-ID-279,FP-Aversive-AM-220201-160835,0,0,1,0
100,100,300,0,0,1000,1,,0,5,100,20000,45,267070,0,0,36,219,2022,2,1,16,17,3.278,0.2,5,3,501.3814886,502.3315354,SUBJ-ID-279,FP-Aversive-AM-220201-160835,0,0,1,0
100,100,300,1,0,1000,0,844.34896,0.349999994,5,100,20000,45,282157,0,0,17,220,2022,2,1,16,17,4.514,0.2,5,3,502.538711,503.5387494,SUBJ-ID-279,FP-Aversive-AM-220201-160835,1,0,0,0
100,100,300,1,0,1000,1,,0,5,100,20000,45,299720,0,0,36,221,2022,2,1,16,17,5.953,0.2,5,3,504.080937,505.0309837,SUBJ-ID-279,FP-Aversive-AM-220201-160835,0,0,1,0
100,100,300,1,0,1000,1,,0,5,100,20000,45,314005,0,0,36,222,2022,2,1,16,17,7.123,0.2,5,3,505.2183962,506.1684429,SUBJ-ID-279,FP-Aversive-AM-220201-160835,0,0,1,0
100,100,300,1,0,1000,1,,0,5,100,20000,45,327707,0,0,36,223,2022,2,1,16,17,8.245,0.2,5,3,506.3844045,507.3344512,SUBJ-ID-279,FP-Aversive-AM-220201-160835,0,0,1,0
100,100,300,1,0,1000,0,1083.351,0.25,5,100,20000,45,341696,0,0,18,224,2022,2,1,16,17,9.391,0.2,5,3,507.505664,508.4557107,SUBJ-ID-279,FP-Aversive-AM-220201-160835,0,1,0,0
100,100,300,1,0,1000,1,,0,5,100,20000,45,6144,0,0,36,225,2022,2,1,16,17,11.934,0.2,5,3,510.0069478,510.9569946,SUBJ-ID-279,FP-Aversive-AM-220201-160835,0,0,1,0
100,100,300,1,0,1000,1,,0,5,100,20000,45,19835,0,0,36,226,2022,2,1,16,17,13.056,0.2,5,3,511.1915315,512.1415782,SUBJ-ID-279,FP-Aversive-AM-220201-160835,0,0,1,0
100,100,300,1,0,1000,1,,0,5,100,20000,45,33998,0,0,36,227,2022,2,1,16,17,14.216,0.2,5,3,512.3186483,513.268695,SUBJ-ID-279,FP-Aversive-AM-220201-160835,0,0,1,0
100,100,300,1,0,1000,1,,0,5,100,20000,45,47729,0,0,36,228,2022,2,1,16,17,15.341,0.2,5,3,513.4731674,514.4232141,SUBJ-ID-279,FP-Aversive-AM-220201-160835,0,0,1,0
100,100,300,1,0,1000,0,1024.8802,0.180000007,5,100,20000,45,61329,0,0,18,229,2022,2,1,16,17,16.455,0.2,5,3,514.5960448,515.5460915,SUBJ-ID-279,FP-Aversive-AM-220201-160835,0,1,0,0
100,100,300,1,0,1000,1,,0,5,100,20000,45,88527,0,0,36,230,2022,2,1,16,17,18.683,0.2,5,3,516.7582208,517.7082675,SUBJ-ID-279,FP-Aversive-AM-220201-160835,0,0,1,0
100,100,300,1,0,1000,1,,0,5,100,20000,45,102346,0,0,36,231,2022,2,1,16,17,19.815,0.2,5,3,517.9445862,518.894633,SUBJ-ID-279,FP-Aversive-AM-220201-160835,0,0,1,0
100,100,300,1,0,1000,1,,0,5,100,20000,45,116610,0,0,36,232,2022,2,1,16,17,20.983,0.2,5,3,519.0746931,520.0247398,SUBJ-ID-279,FP-Aversive-AM-220201-160835,0,0,1,0
100,100,300,1,0,1000,1,,0,5,100,20000,45,130752,0,0,36,233,2022,2,1,16,17,22.143,0.2,5,3,520.2460877,521.1961344,SUBJ-ID-279,FP-Aversive-AM-220201-160835,0,0,1,0
100,100,300,0,0,1000,0,,0.119999997,5,100,20000,45,144293,0,0,18,234,2022,2,1,16,17,23.251,0.2,5,3,521.3938688,522.3439155,SUBJ-ID-279,FP-Aversive-AM-220201-160835,0,1,0,0
100,100,300,0,0,1000,1,,0,5,100,20000,45,158556,0,0,36,235,2022,2,1,16,17,24.419,0.2,5,3,522.5154355,523.4654822,SUBJ-ID-279,FP-Aversive-AM-220201-160835,0,0,1,0
100,100,300,0,0,1000,1,706.41616,0,5,100,20000,45,173402,0,0,40,236,2022,2,1,16,17,25.637,0.2,5,3,523.6814438,524.6814822,SUBJ-ID-279,FP-Aversive-AM-220201-160835,0,0,0,1
100,100,300,0,0,1000,1,,0,5,100,20000,45,187537,0,0,36,237,2022,2,1,16,17,26.795,0.2,5,3,524.9126195,525.8626662,SUBJ-ID-279,FP-Aversive-AM-220201-160835,0,0,1,0
100,100,300,0,0,1000,1,,0,5,100,20000,45,201688,0,0,36,238,2022,2,1,16,17,27.954,0.2,5,3,526.0496486,526.9996954,SUBJ-ID-279,FP-Aversive-AM-220201-160835,0,0,1,0
100,100,300,0,0,1000,0,,0.079999998,5,100,20000,45,215656,0,0,18,239,2022,2,1,16,17,29.097,0.2,5,3,527.2108646,528.1609114,SUBJ-ID-279,FP-Aversive-AM-220201-160835,0,1,0,0
100,100,300,0,0,1000,1,,0,5,100,20000,45,229832,0,0,36,240,2022,2,1,16,17,30.259,0.2,5,3,528.358871,529.3089178,SUBJ-ID-279,FP-Aversive-AM-220201-160835,0,0,1,0
100,100,300,0,0,1000,1,,0,5,100,20000,45,243523,0,0,36,241,2022,2,1,16,17,31.381,0.2,5,3,529.5173018,530.4673485,SUBJ-ID-279,FP-Aversive-AM-220201-160835,0,0,1,0
100,100,300,0,0,1000,1,,0,5,100,20000,45,257556,0,0,36,242,2022,2,1,16,17,32.53,0.2,5,3,530.6279936,531.5780403,SUBJ-ID-279,FP-Aversive-AM-220201-160835,0,0,1,0
100,100,300,0,0,1000,1,,0,5,100,20000,45,271872,0,0,36,243,2022,2,1,16,17,33.703,0.2,5,3,531.7923635,532.7424102,SUBJ-ID-279,FP-Aversive-AM-220201-160835,0,0,1,0
100,100,300,0,0,1000,1,,0,5,100,20000,45,285617,0,0,36,244,2022,2,1,16,17,34.829,0.2,5,3,532.964864,533.9149107,SUBJ-ID-279,FP-Aversive-AM-220201-160835,0,0,1,0
100,100,300,1,0,1000,0,410.70584,0.349999994,5,100,20000,45,299960,0,0,17,245,2022,2,1,16,17,36.004,0.2,5,3,534.0890522,535.0890906,SUBJ-ID-279,FP-Aversive-AM-220201-160835,1,0,0,0
100,100,300,1,0,1000,1,,0,5,100,20000,45,314098,0,0,36,246,2022,2,1,16,17,37.163,0.2,5,3,535.2691712,536.2192179,SUBJ-ID-279,FP-Aversive-AM-220201-160835,0,0,1,0
100,100,300,1,0,1000,1,,0,5,100,20000,45,328146,0,0,36,247,2022,2,1,16,17,38.313,0.2,5,3,536.4089242,537.3589709,SUBJ-ID-279,FP-Aversive-AM-220201-160835,0,0,1,0
100,100,300,1,0,1000,1,,0,5,100,20000,45,341932,0,0,36,248,2022,2,1,16,17,39.443,0.2,5,3,537.5739699,538.5240166,SUBJ-ID-279,FP-Aversive-AM-220201-160835,0,0,1,0
100,100,300,1,0,1000,0,836.46432,0.25,5,100,20000,45,356262,0,0,17,249,2022,2,1,16,17,40.617,0.2,5,3,538.7072717,539.7073101,SUBJ-ID-279,FP-Aversive-AM-220201-160835,1,0,0,0
100,100,300,1,0,1000,1,,0,5,100,20000,45,8778,0,0,36,250,2022,2,1,16,17,42.182,0.2,5,3,540.280791,541.2308378,SUBJ-ID-279,FP-Aversive-AM-220201-160835,0,0,1,0
100,100,300,1,0,1000,1,,0,5,100,20000,45,22864,0,0,36,251,2022,2,1,16,17,43.336,0.2,5,3,541.4393037,542.3893504,SUBJ-ID-279,FP-Aversive-AM-220201-160835,0,0,1,0
100,100,300,1,0,1000,1,,0,5,100,20000,45,36825,0,0,36,252,2022,2,1,16,17,44.48,0.2,5,3,542.5954611,543.5455078,SUBJ-ID-279,FP-Aversive-AM-220201-160835,0,0,1,0
100,100,300,1,0,1000,0,1092.15768,0.180000007,5,100,20000,45,50983,0,0,18,253,2022,2,1,16,17,45.639,0.2,5,3,543.7406003,544.690647,SUBJ-ID-279,FP-Aversive-AM-220201-160835,0,1,0,0
100,100,300,1,0,1000,1,,0,5,100,20000,45,70203,0,0,36,254,2022,2,1,16,17,47.213,0.2,5,3,545.3334733,546.28352,SUBJ-ID-279,FP-Aversive-AM-220201-160835,0,0,1,0
100,100,300,1,0,1000,1,219.99616,0,5,100,20000,45,85561,0,0,40,255,2022,2,1,16,17,48.472,0.2,5,3,546.4700518,547.4700902,SUBJ-ID-279,FP-Aversive-AM-220201-160835,0,0,0,1
100,100,300,1,0,1000,1,,0,5,100,20000,45,136479,0,0,36,256,2022,2,1,16,17,52.644,0.2,5,3,550.6982707,551.6483174,SUBJ-ID-279,FP-Aversive-AM-220201-160835,0,0,1,0
100,100,300,1,0,1000,1,,0,5,100,20000,45,150347,0,0,36,257,2022,2,1,16,17,53.779,0.2,5,3,551.8923571,552.8424038,SUBJ-ID-279,FP-Aversive-AM-220201-160835,0,0,1,0
100,100,300,0,0,1000,0,,0.119999997,5,100,20000,45,164284,0,0,18,258,2022,2,1,16,17,54.922,0.2,5,3,553.0405478,553.9905946,SUBJ-ID-279,FP-Aversive-AM-220201-160835,0,1,0,0
100,100,300,0,0,1000,1,,0,5,100,20000,45,178020,0,0,36,259,2022,2,1,16,17,56.046,0.2,5,3,554.174505,555.1245517,SUBJ-ID-279,FP-Aversive-AM-220201-160835,0,0,1,0
100,100,300,0,0,1000,1,,0,5,100,20000,45,192160,0,0,36,260,2022,2,1,16,17,57.204,0.2,5,3,555.3089331,556.2589798,SUBJ-ID-279,FP-Aversive-AM-220201-160835,0,0,1,0
100,100,300,0,0,1000,1,,0,5,100,20000,45,206260,0,0,36,261,2022,2,1,16,17,58.36,0.2,5,3,556.482089,557.4321357,SUBJ-ID-279,FP-Aversive-AM-220201-160835,0,0,1,0
100,100,300,0,0,1000,0,,0.079999998,5,100,20000,45,220338,0,0,18,262,2022,2,1,16,17,59.513,0.2,5,3,557.6136294,558.5636762,SUBJ-ID-279,FP-Aversive-AM-220201-160835,0,1,0,0
100,100,300,0,0,1000,1,,0,5,100,20000,45,234212,0,0,36,263,2022,2,1,16,18,0.65,0.2,5,3,558.7718144,559.7218611,SUBJ-ID-279,FP-Aversive-AM-220201-160835,0,0,1,0
100,100,300,0,0,1000,1,,0,5,100,20000,45,248153,0,0,36,264,2022,2,1,16,18,1.792,0.2,5,3,559.9126528,560.8626995,SUBJ-ID-279,FP-Aversive-AM-220201-160835,0,0,1,0
100,100,300,0,0,1000,1,,0,5,100,20000,45,262284,0,0,36,265,2022,2,1,16,18,2.949,0.2,5,3,561.0510336,562.0010803,SUBJ-ID-279,FP-Aversive-AM-220201-160835,0,0,1,0
100,100,300,0,0,1000,1,,0,5,100,20000,45,276236,0,0,36,266,2022,2,1,16,18,4.093,0.2,5,3,562.2125568,563.1626035,SUBJ-ID-279,FP-Aversive-AM-220201-160835,0,0,1,0
100,100,300,0,0,1000,1,,0,5,100,20000,45,290133,0,0,36,267,2022,2,1,16,18,5.231,0.2,5,3,563.3637376,564.3137843,SUBJ-ID-279,FP-Aversive-AM-220201-160835,0,0,1,0
100,100,300,1,0,1000,0,506.79828,0.349999994,5,100,20000,45,305604,0,0,17,268,2022,2,1,16,18,6.499,0.2,5,3,564.5120307,565.5120691,SUBJ-ID-279,FP-Aversive-AM-220201-160835,1,0,0,0
100,100,300,1,0,1000,1,,0,5,100,20000,45,319755,0,0,36,269,2022,2,1,16,18,7.658,0.2,5,3,565.751337,566.7013837,SUBJ-ID-279,FP-Aversive-AM-220201-160835,0,0,1,0
100,100,300,1,0,1000,1,,0,5,100,20000,45,333566,0,0,36,270,2022,2,1,16,18,8.789,0.2,5,3,566.913024,567.8630707,SUBJ-ID-279,FP-Aversive-AM-220201-160835,0,0,1,0
100,100,300,1,0,1000,1,,0,5,100,20000,45,347383,0,0,36,271,2022,2,1,16,18,9.921,0.2,5,3,568.0489472,568.9989939,SUBJ-ID-279,FP-Aversive-AM-220201-160835,0,0,1,0
100,100,300,1,0,1000,1,,0,5,100,20000,45,361724,0,0,36,272,2022,2,1,16,18,11.096,0.2,5,3,569.1921203,570.142167,SUBJ-ID-279,FP-Aversive-AM-220201-160835,0,0,1,0
100,100,300,1,0,1000,0,738.918,0.25,5,100,20000,45,10361,0,0,17,273,2022,2,1,16,18,12.344,0.2,5,3,570.346496,571.3465344,SUBJ-ID-279,FP-Aversive-AM-220201-160835,1,0,0,0
100,100,300,1,0,1000,1,,0,5,100,20000,45,25456,0,0,36,274,2022,2,1,16,18,13.58,0.2,5,3,571.6241408,572.5741875,SUBJ-ID-279,FP-Aversive-AM-220201-160835,0,0,1,0
100,100,300,1,0,1000,1,,0,5,100,20000,45,39913,0,0,36,275,2022,2,1,16,18,14.764,0.2,5,3,572.8437043,573.793751,SUBJ-ID-279,FP-Aversive-AM-220201-160835,0,0,1,0
100,100,300,1,0,1000,1,,0,5,100,20000,45,53725,0,0,36,276,2022,2,1,16,18,15.896,0.2,5,3,574.0201574,574.9702042,SUBJ-ID-279,FP-Aversive-AM-220201-160835,0,0,1,0
100,100,300,1,0,1000,1,,0,5,100,20000,45,67954,0,0,36,277,2022,2,1,16,18,17.061,0.2,5,3,575.1655629,576.1156096,SUBJ-ID-279,FP-Aversive-AM-220201-160835,0,0,1,0
100,100,300,1,0,1000,0,1100.8618,0.180000007,5,100,20000,45,82027,0,0,18,278,2022,2,1,16,18,18.214,0.2,5,3,576.3167232,577.2667699,SUBJ-ID-279,FP-Aversive-AM-220201-160835,0,1,0,0
100,100,300,1,0,1000,1,,0,5,100,20000,45,106720,0,0,36,279,2022,2,1,16,18,20.237,0.2,5,3,578.3748608,579.3249075,SUBJ-ID-279,FP-Aversive-AM-220201-160835,0,0,1,0
100,100,300,1,0,1000,1,,0,5,100,20000,45,120540,0,0,36,280,2022,2,1,16,18,21.37,0.2,5,3,579.4916966,580.4417434,SUBJ-ID-279,FP-Aversive-AM-220201-160835,0,0,1,0
100,100,300,1,0,1000,1,,0,5,100,20000,45,134730,0,0,36,281,2022,2,1,16,18,22.532,0.2,5,3,580.630528,581.5805747,SUBJ-ID-279,FP-Aversive-AM-220201-160835,0,0,1,0
100,100,300,1,0,1000,1,,0,5,100,20000,45,148607,0,0,36,282,2022,2,1,16,18,23.669,0.2,5,3,581.802496,582.7525427,SUBJ-ID-279,FP-Aversive-AM-220201-160835,0,0,1,0
100,100,300,1,0,1000,1,,0,5,100,20000,45,162711,0,0,36,283,2022,2,1,16,18,24.824,0.2,5,3,582.9239808,583.8740275,SUBJ-ID-279,FP-Aversive-AM-220201-160835,0,0,1,0
100,100,300,0,0,1000,0,,0.119999997,5,100,20000,45,176615,0,0,18,284,2022,2,1,16,18,25.963,0.2,5,3,584.0799949,585.0300416,SUBJ-ID-279,FP-Aversive-AM-220201-160835,0,1,0,0
100,100,300,0,0,1000,1,,0,5,100,20000,45,191272,0,0,36,285,2022,2,1,16,18,27.164,0.2,5,3,585.2243558,586.1744026,SUBJ-ID-279,FP-Aversive-AM-220201-160835,0,0,1,0
100,100,300,0,0,1000,1,,0,5,100,20000,45,205752,0,0,36,286,2022,2,1,16,18,28.351,0.2,5,3,586.4259994,587.3760461,SUBJ-ID-279,FP-Aversive-AM-220201-160835,0,0,1,0
100,100,300,0,0,1000,1,,0,5,100,20000,45,219939,0,0,36,287,2022,2,1,16,18,29.512,0.2,5,3,587.6131226,588.5631693,SUBJ-ID-279,FP-Aversive-AM-220201-160835,0,0,1,0
100,100,300,0,0,1000,1,,0,5,100,20000,45,234027,0,0,36,288,2022,2,1,16,18,30.667,0.2,5,3,588.7704269,589.7204736,SUBJ-ID-279,FP-Aversive-AM-220201-160835,0,0,1,0
100,100,300,0,0,1000,0,,0.079999998,5,100,20000,45,248240,0,0,18,289,2022,2,1,16,18,31.83,0.2,5,3,589.9267891,590.8768358,SUBJ-ID-279,FP-Aversive-AM-220201-160835,0,1,0,0
100,100,300,0,0,1000,1,,0,5,100,20000,45,268177,0,0,36,290,2022,2,1,16,18,33.464,0.2,5,3,591.5249459,592.4749926,SUBJ-ID-279,FP-Aversive-AM-220201-160835,0,0,1,0
100,100,300,0,0,1000,1,,0,5,100,20000,45,282034,0,0,36,291,2022,2,1,16,18,34.6,0.2,5,3,592.720425,593.6704717,SUBJ-ID-279,FP-Aversive-AM-220201-160835,0,0,1,0
100,100,300,0,0,1000,1,,0,5,100,20000,45,296089,0,0,36,292,2022,2,1,16,18,35.75,0.2,5,3,593.867223,594.8172698,SUBJ-ID-279,FP-Aversive-AM-220201-160835,0,0,1,0
100,100,300,0,0,1000,1,,0,5,100,20000,45,310284,0,0,36,293,2022,2,1,16,18,36.914,0.2,5,3,595.020841,595.9708877,SUBJ-ID-279,FP-Aversive-AM-220201-160835,0,0,1,0
100,100,300,0,0,1000,1,,0,5,100,20000,45,324481,0,0,36,294,2022,2,1,16,18,38.076,0.2,5,3,596.1737421,597.1237888,SUBJ-ID-279,FP-Aversive-AM-220201-160835,0,0,1,0
100,100,300,1,0,1000,0,355.36908,0.349999994,5,100,20000,45,339569,0,0,17,295,2022,2,1,16,18,39.313,0.2,5,3,597.3351219,598.3351603,SUBJ-ID-279,FP-Aversive-AM-220201-160835,1,0,0,0
100,100,300,1,0,1000,1,,0,5,100,20000,45,353457,0,0,36,296,2022,2,1,16,18,40.45,0.2,5,3,598.5795482,599.5295949,SUBJ-ID-279,FP-Aversive-AM-220201-160835,0,0,1,0
100,100,300,1,0,1000,1,,0,5,100,20000,45,1154,0,0,36,297,2022,2,1,16,18,41.621,0.2,5,3,599.7031014,600.6531482,SUBJ-ID-279,FP-Aversive-AM-220201-160835,0,0,1,0
100,100,300,1,0,1000,1,,0,5,100,20000,45,15082,0,0,36,298,2022,2,1,16,18,42.762,0.2,5,3,600.8814387,601.8314854,SUBJ-ID-279,FP-Aversive-AM-220201-160835,0,0,1,0
100,100,300,1,0,1000,1,,0,5,100,20000,45,28804,0,0,36,299,2022,2,1,16,18,43.886,0.2,5,3,602.0170752,602.9671219,SUBJ-ID-279,FP-Aversive-AM-220201-160835,0,0,1,0
100,100,300,1,0,1000,0,723.86548,0.25,5,100,20000,45,44229,0,0,17,300,2022,2,1,16,18,45.15,0.2,5,3,603.1487795,604.1488179,SUBJ-ID-279,FP-Aversive-AM-220201-160835,1,0,0,0
100,100,300,1,0,1000,1,,0,5,100,20000,45,60966,0,0,36,301,2022,2,1,16,18,46.521,0.2,5,3,604.6471168,605.5971635,SUBJ-ID-279,FP-Aversive-AM-220201-160835,0,0,1,0
100,100,300,1,0,1000,1,,0,5,100,20000,45,75246,0,0,36,302,2022,2,1,16,18,47.691,0.2,5,3,605.7821389,606.7321856,SUBJ-ID-279,FP-Aversive-AM-220201-160835,0,0,1,0
100,100,300,1,0,1000,1,,0,5,100,20000,45,89670,0,0,36,303,2022,2,1,16,18,48.872,0.2,5,3,606.9530419,607.9030886,SUBJ-ID-279,FP-Aversive-AM-220201-160835,0,0,1,0
100,100,300,1,0,1000,1,,0,5,100,20000,45,103506,0,0,36,304,2022,2,1,16,18,50.006,0.2,5,3,608.1407181,609.0907648,SUBJ-ID-279,FP-Aversive-AM-220201-160835,0,0,1,0
100,100,300,1,0,1000,0,823.93044,0.180000007,5,100,20000,45,118800,0,0,17,305,2022,2,1,16,18,51.259,0.2,5,3,609.2696986,610.269737,SUBJ-ID-279,FP-Aversive-AM-220201-160835,1,0,0,0
100,100,300,1,0,1000,1,,0,5,100,20000,45,134104,0,0,36,306,2022,2,1,16,18,52.513,0.2,5,3,610.6524467,611.6024934,SUBJ-ID-279,FP-Aversive-AM-220201-160835,0,0,1,0
100,100,300,1,0,1000,1,,0,5,100,20000,45,148591,0,0,36,307,2022,2,1,16,18,53.699,0.2,5,3,611.770839,612.7208858,SUBJ-ID-279,FP-Aversive-AM-220201-160835,0,0,1,0
100,100,300,1,0,1000,1,,0,5,100,20000,45,162636,0,0,36,308,2022,2,1,16,18,54.85,0.2,5,3,612.9568563,613.906903,SUBJ-ID-279,FP-Aversive-AM-220201-160835,0,0,1,0
100,100,300,1,0,1000,1,,0,5,100,20000,45,176558,0,0,36,309,2022,2,1,16,18,55.991,0.2,5,3,614.110249,615.0602957,SUBJ-ID-279,FP-Aversive-AM-220201-160835,0,0,1,0
100,100,300,0,0,1000,0,,0.119999997,5,100,20000,45,190338,0,0,18,310,2022,2,1,16,18,57.119,0.2,5,3,615.2503501,616.2003968,SUBJ-ID-279,FP-Aversive-AM-220201-160835,0,1,0,0
100,100,300,0,0,1000,1,,0,5,100,20000,45,204307,0,0,36,311,2022,2,1,16,18,58.264,0.2,5,3,616.3772211,617.3272678,SUBJ-ID-279,FP-Aversive-AM-220201-160835,0,0,1,0
100,100,300,0,0,1000,1,,0,5,100,20000,45,218423,0,0,36,312,2022,2,1,16,18,59.42,0.2,5,3,617.5264768,618.4765235,SUBJ-ID-279,FP-Aversive-AM-220201-160835,0,0,1,0
100,100,300,0,0,1000,1,,0,5,100,20000,45,233391,0,0,36,313,2022,2,1,16,19,0.646,0.2,5,3,618.6967245,619.6467712,SUBJ-ID-279,FP-Aversive-AM-220201-160835,0,0,1,0
100,100,300,0,0,1000,1,,0,5,100,20000,45,247244,0,0,36,314,2022,2,1,16,19,1.781,0.2,5,3,619.9061709,620.8562176,SUBJ-ID-279,FP-Aversive-AM-220201-160835,0,0,1,0
100,100,300,0,0,1000,0,,0.079999998,5,100,20000,45,261146,0,0,18,315,2022,2,1,16,19,2.921,0.2,5,3,621.0482995,621.9983462,SUBJ-ID-279,FP-Aversive-AM-220201-160835,0,1,0,0
100,100,300,0,0,1000,1,,0,5,100,20000,45,279328,0,0,36,316,2022,2,1,16,19,4.41,0.2,5,3,622.5345741,623.4846208,SUBJ-ID-279,FP-Aversive-AM-220201-160835,0,0,1,0
100,100,300,0,0,1000,1,,0,5,100,20000,45,293160,0,0,36,317,2022,2,1,16,19,5.543,0.2,5,3,623.6722381,624.6222848,SUBJ-ID-279,FP-Aversive-AM-220201-160835,0,0,1,0
100,100,300,0,0,1000,1,,0,5,100,20000,45,307349,0,0,36,318,2022,2,1,16,19,6.705,0.2,5,3,624.7968768,625.7469235,SUBJ-ID-279,FP-Aversive-AM-220201-160835,0,0,1,0
100,100,300,1,0,1000,0,380.92796,0.349999994,5,100,20000,45,322144,0,0,17,319,2022,2,1,16,19,7.917,0.2,5,3,625.976791,626.9768294,SUBJ-ID-279,FP-Aversive-AM-220201-160835,1,0,0,0
100,100,300,1,0,1000,1,,0,5,100,20000,45,336318,0,0,36,320,2022,2,1,16,19,9.079,0.2,5,3,627.1747072,628.1247539,SUBJ-ID-279,FP-Aversive-AM-220201-160835,0,0,1,0
100,100,300,1,0,1000,1,,0,5,100,20000,45,350448,0,0,36,321,2022,2,1,16,19,10.236,0.2,5,3,628.3445453,629.294592,SUBJ-ID-279,FP-Aversive-AM-220201-160835,0,0,1,0
100,100,300,1,0,1000,1,,0,5,100,20000,45,364287,0,0,36,322,2022,2,1,16,19,11.369,0.2,5,3,629.4866534,630.4367002,SUBJ-ID-279,FP-Aversive-AM-220201-160835,0,0,1,0
100,100,300,1,0,1000,1,,0,5,100,20000,45,11662,0,0,36,323,2022,2,1,16,19,12.514,0.2,5,3,630.6303386,631.5803853,SUBJ-ID-279,FP-Aversive-AM-220201-160835,0,0,1,0
100,100,300,1,0,1000,0,1044.41848,0.25,5,100,20000,45,25560,0,0,18,324,2022,2,1,16,19,13.652,0.2,5,3,631.7721395,632.7221862,SUBJ-ID-279,FP-Aversive-AM-220201-160835,0,1,0,0
100,100,300,1,0,1000,1,,0,5,100,20000,45,57000,0,0,36,325,2022,2,1,16,19,16.228,0.2,5,3,634.3452877,635.2953344,SUBJ-ID-279,FP-Aversive-AM-220201-160835,0,0,1,0
100,100,300,1,0,1000,1,,0,5,100,20000,45,71045,0,0,36,326,2022,2,1,16,19,17.378,0.2,5,3,635.4852864,636.4353331,SUBJ-ID-279,FP-Aversive-AM-220201-160835,0,0,1,0
100,100,300,1,0,1000,1,,0,5,100,20000,45,85291,0,0,36,327,2022,2,1,16,19,18.546,0.2,5,3,636.6469734,637.5970202,SUBJ-ID-279,FP-Aversive-AM-220201-160835,0,0,1,0
100,100,300,1,0,1000,1,,0,5,100,20000,45,99053,0,0,36,328,2022,2,1,16,19,19.673,0.2,5,3,637.800407,638.7504538,SUBJ-ID-279,FP-Aversive-AM-220201-160835,0,0,1,0
100,100,300,1,0,1000,0,1021.99336,0.180000007,5,100,20000,45,113685,0,0,18,329,2022,2,1,16,19,20.871,0.2,5,3,638.9502566,639.9003034,SUBJ-ID-279,FP-Aversive-AM-220201-160835,0,1,0,0
100,100,300,1,0,1000,1,,0,5,100,20000,45,142335,0,0,36,330,2022,2,1,16,19,23.219,0.2,5,3,641.2635546,642.2136013,SUBJ-ID-279,FP-Aversive-AM-220201-160835,0,0,1,0
100,100,300,1,0,1000,1,,0,5,100,20000,45,156585,0,0,36,331,2022,2,1,16,19,24.386,0.2,5,3,642.4778957,643.4279424,SUBJ-ID-279,FP-Aversive-AM-220201-160835,0,0,1,0
100,100,300,1,0,1000,1,,0,5,100,20000,45,170408,0,0,36,332,2022,2,1,16,19,25.519,0.2,5,3,643.6475904,644.5976371,SUBJ-ID-279,FP-Aversive-AM-220201-160835,0,0,1,0
100,100,300,0,0,1000,0,666.3782,0.119999997,5,100,20000,45,184929,0,0,17,333,2022,2,1,16,19,26.709,0.2,5,3,644.7797248,645.7797632,SUBJ-ID-279,FP-Aversive-AM-220201-160835,1,0,0,0
100,100,300,0,0,1000,1,,0,5,100,20000,45,199182,0,0,36,334,2022,2,1,16,19,27.876,0.2,5,3,645.9922227,646.9422694,SUBJ-ID-279,FP-Aversive-AM-220201-160835,0,0,1,0
100,100,300,0,0,1000,1,,0,5,100,20000,45,212834,0,0,36,335,2022,2,1,16,19,28.994,0.2,5,3,647.1272038,648.0772506,SUBJ-ID-279,FP-Aversive-AM-220201-160835,0,0,1,0
100,100,300,0,0,1000,1,,0,5,100,20000,45,227162,0,0,36,336,2022,2,1,16,19,30.168,0.2,5,3,648.2576384,649.2076851,SUBJ-ID-279,FP-Aversive-AM-220201-160835,0,0,1,0
100,100,300,0,0,1000,1,,0,5,100,20000,45,241256,0,0,36,337,2022,2,1,16,19,31.323,0.2,5,3,649.4249984,650.3750451,SUBJ-ID-279,FP-Aversive-AM-220201-160835,0,0,1,0
100,100,300,0,0,1000,0,527.81016,0.079999998,5,100,20000,45,256537,0,0,17,338,2022,2,1,16,19,32.575,0.2,5,3,650.5832038,651.5832422,SUBJ-ID-279,FP-Aversive-AM-220201-160835,1,0,0,0
100,100,300,0,0,1000,1,,0,5,100,20000,45,273398,0,0,36,339,2022,2,1,16,19,33.956,0.2,5,3,652.0014848,652.9515315,SUBJ-ID-279,FP-Aversive-AM-220201-160835,0,0,1,0
100,100,300,0,0,1000,1,,0,5,100,20000,45,287661,0,0,36,340,2022,2,1,16,19,35.124,0.2,5,3,653.2179968,654.1680435,SUBJ-ID-279,FP-Aversive-AM-220201-160835,0,0,1,0
100,100,300,0,0,1000,1,,0,5,100,20000,45,301513,0,0,36,341,2022,2,1,16,19,36.258,0.2,5,3,654.3867699,655.3368166,SUBJ-ID-279,FP-Aversive-AM-220201-160835,0,0,1,0
100,100,300,0,0,1000,1,,0,5,100,20000,45,315526,0,0,36,342,2022,2,1,16,19,37.407,0.2,5,3,655.5178189,656.4678656,SUBJ-ID-279,FP-Aversive-AM-220201-160835,0,0,1,0
100,100,300,1,0,1000,0,1110.897,0.349999994,5,100,20000,45,329346,0,0,18,343,2022,2,1,16,19,38.539,0.2,5,3,656.6784,657.6284467,SUBJ-ID-279,FP-Aversive-AM-220201-160835,0,1,0,0
100,100,300,1,0,1000,1,,0,5,100,20000,45,356735,0,0,36,344,2022,2,1,16,19,40.782,0.2,5,3,658.8869632,659.8370099,SUBJ-ID-279,FP-Aversive-AM-220201-160835,0,0,1,0
100,100,300,1,0,1000,1,,0,5,100,20000,45,4319,0,0,36,345,2022,2,1,16,19,41.944,0.2,5,3,660.0551014,661.0051482,SUBJ-ID-279,FP-Aversive-AM-220201-160835,0,0,1,0
100,100,300,1,0,1000,1,,0,5,100,20000,45,18332,0,0,36,346,2022,2,1,16,19,43.092,0.2,5,3,661.2040294,662.1540762,SUBJ-ID-279,FP-Aversive-AM-220201-160835,0,0,1,0
100,100,300,1,0,1000,1,,0,5,100,20000,45,32375,0,0,36,347,2022,2,1,16,19,44.243,0.2,5,3,662.3678464,663.3178931,SUBJ-ID-279,FP-Aversive-AM-220201-160835,0,0,1,0
100,100,300,1,0,1000,0,446.9346,0.25,5,100,20000,45,46952,0,0,17,348,2022,2,1,16,19,45.437,0.2,5,3,663.5106304,664.5106688,SUBJ-ID-279,FP-Aversive-AM-220201-160835,1,0,0,0
100,100,300,1,0,1000,1,,0,5,100,20000,45,62263,0,0,36,349,2022,2,1,16,19,46.691,0.2,5,3,664.7963034,665.7463501,SUBJ-ID-279,FP-Aversive-AM-220201-160835,0,0,1,0
100,100,300,1,0,1000,1,,0,5,100,20000,45,76496,0,0,36,350,2022,2,1,16,19,47.857,0.2,5,3,665.9619635,666.9120102,SUBJ-ID-279,FP-Aversive-AM-220201-160835,0,0,1,0
100,100,300,1,0,1000,1,,0,5,100,20000,45,90687,0,0,36,351,2022,2,1,16,19,49.019,0.2,5,3,667.1295078,668.0795546,SUBJ-ID-279,FP-Aversive-AM-220201-160835,0,0,1,0
100,100,300,1,0,1000,0,1028.99756,0.180000007,5,100,20000,45,104704,0,0,18,352,2022,2,1,16,19,50.168,0.2,5,3,668.2839654,669.2340122,SUBJ-ID-279,FP-Aversive-AM-220201-160835,0,1,0,0
100,100,300,1,0,1000,1,,0,5,100,20000,45,123843,0,0,36,353,2022,2,1,16,19,51.736,0.2,5,3,669.7632154,670.7132621,SUBJ-ID-279,FP-Aversive-AM-220201-160835,0,0,1,0
100,100,300,1,0,1000,1,,0,5,100,20000,45,137970,0,0,36,354,2022,2,1,16,19,52.894,0.2,5,3,671.0103654,671.9604122,SUBJ-ID-279,FP-Aversive-AM-220201-160835,0,0,1,0
100,100,300,1,0,1000,1,,0,5,100,20000,45,152225,0,0,36,355,2022,2,1,16,19,54.061,0.2,5,3,672.1718477,673.1218944,SUBJ-ID-279,FP-Aversive-AM-220201-160835,0,0,1,0
100,100,300,1,0,1000,1,,0,5,100,20000,45,166300,0,0,36,356,2022,2,1,16,19,55.214,0.2,5,3,673.335337,674.2853837,SUBJ-ID-279,FP-Aversive-AM-220201-160835,0,0,1,0
100,100,300,1,0,1000,1,,0,5,100,20000,45,180099,0,0,36,357,2022,2,1,16,19,56.344,0.2,5,3,674.4737382,675.423785,SUBJ-ID-279,FP-Aversive-AM-220201-160835,0,0,1,0
100,100,300,0,0,1000,0,635.10516,0.119999997,5,100,20000,45,195560,0,0,17,358,2022,2,1,16,19,57.611,0.2,5,3,675.6102758,676.6103142,SUBJ-ID-279,FP-Aversive-AM-220201-160835,1,0,0,0
100,100,300,0,0,1000,1,,0,5,100,20000,45,210029,0,0,36,359,2022,2,1,16,19,58.796,0.2,5,3,676.9282662,677.878313,SUBJ-ID-279,FP-Aversive-AM-220201-160835,0,0,1,0
100,100,300,0,0,1000,1,,0,5,100,20000,45,224109,0,0,36,360,2022,2,1,16,19,59.949,0.2,5,3,678.0679578,679.0180045,SUBJ-ID-279,FP-Aversive-AM-220201-160835,0,0,1,0
100,100,300,0,0,1000,1,,0,5,100,20000,45,239013,0,0,36,361,2022,2,1,16,20,1.17,0.2,5,3,679.2189133,680.16896,SUBJ-ID-279,FP-Aversive-AM-220201-160835,0,0,1,0
100,100,300,0,0,1000,1,,0,5,100,20000,45,253164,0,0,36,362,2022,2,1,16,20,2.33,0.2,5,3,680.4310835,681.3811302,SUBJ-ID-279,FP-Aversive-AM-220201-160835,0,0,1,0
100,100,300,0,0,1000,0,,0.079999998,5,100,20000,45,267801,0,0,18,363,2022,2,1,16,20,3.53,0.2,5,3,681.5966003,682.546647,SUBJ-ID-279,FP-Aversive-AM-220201-160835,0,1,0,0
100,100,300,0,0,1000,1,,0,5,100,20000,45,281639,0,0,36,364,2022,2,1,16,20,4.663,0.2,5,3,682.7984282,683.7484749,SUBJ-ID-279,FP-Aversive-AM-220201-160835,0,0,1,0
100,100,300,0,0,1000,1,455.8648,0,5,100,20000,45,296829,0,0,40,365,2022,2,1,16,20,5.907,0.2,5,3,683.9212032,684.9212416,SUBJ-ID-279,FP-Aversive-AM-220201-160835,0,0,0,1
100,100,300,0,0,1000,1,,0,5,100,20000,45,312327,0,0,36,366,2022,2,1,16,20,7.177,0.2,5,3,685.3105869,686.2606336,SUBJ-ID-279,FP-Aversive-AM-220201-160835,0,0,1,0
100,100,300,0,0,1000,1,,0,5,100,20000,45,327060,0,0,36,367,2022,2,1,16,20,8.384,0.2,5,3,686.4419635,687.3920102,SUBJ-ID-279,FP-Aversive-AM-220201-160835,0,0,1,0
100,100,300,1,0,1000,0,453.95964,0.349999994,5,100,20000,45,341409,0,0,17,368,2022,2,1,16,20,9.559,0.2,5,3,687.6443034,688.6443418,SUBJ-ID-279,FP-Aversive-AM-220201-160835,1,0,0,0
100,100,300,1,0,1000,1,,0,5,100,20000,45,355745,0,0,36,369,2022,2,1,16,20,10.734,0.2,5,3,688.8646451,689.8146918,SUBJ-ID-279,FP-Aversive-AM-220201-160835,0,0,1,0
100,100,300,1,0,1000,1,,0,5,100,20000,45,4071,0,0,36,370,2022,2,1,16,20,11.956,0.2,5,3,690.0004864,690.9505331,SUBJ-ID-279,FP-Aversive-AM-220201-160835,0,0,1,0
100,100,300,1,0,1000,1,,0,5,100,20000,45,18335,0,0,36,371,2022,2,1,16,20,13.124,0.2,5,3,691.2345907,692.1846374,SUBJ-ID-279,FP-Aversive-AM-220201-160835,0,0,1,0
100,100,300,1,0,1000,0,565.33008,0.25,5,100,20000,45,33347,0,0,17,372,2022,2,1,16,20,14.354,0.2,5,3,692.3986739,693.3987123,SUBJ-ID-279,FP-Aversive-AM-220201-160835,1,0,0,0
100,100,300,1,0,1000,1,,0,5,100,20000,45,47410,0,0,36,373,2022,2,1,16,20,15.507,0.2,5,3,693.6329626,694.5830093,SUBJ-ID-279,FP-Aversive-AM-220201-160835,0,0,1,0
100,100,300,1,0,1000,1,,0,5,100,20000,45,61480,0,0,36,374,2022,2,1,16,20,16.659,0.2,5,3,694.7677594,695.7178061,SUBJ-ID-279,FP-Aversive-AM-220201-160835,0,0,1,0
100,100,300,1,0,1000,1,,0,5,100,20000,45,75319,0,0,36,375,2022,2,1,16,20,17.793,0.2,5,3,695.9203533,696.8704,SUBJ-ID-279,FP-Aversive-AM-220201-160835,0,0,1,0
100,100,300,1,0,1000,0,959.85616,0.180000007,5,100,20000,45,89342,0,0,18,376,2022,2,1,16,20,18.941,0.2,5,3,697.0472038,697.9972506,SUBJ-ID-279,FP-Aversive-AM-220201-160835,0,1,0,0
100,100,300,1,0,1000,1,,0,5,100,20000,45,107858,0,0,36,377,2022,2,1,16,20,20.458,0.2,5,3,698.5222963,699.472343,SUBJ-ID-279,FP-Aversive-AM-220201-160835,0,0,1,0
100,100,300,1,0,1000,1,,0,5,100,20000,45,121653,0,0,36,378,2022,2,1,16,20,21.588,0.2,5,3,699.7173043,700.667351,SUBJ-ID-279,FP-Aversive-AM-220201-160835,0,0,1,0
100,100,300,1,0,1000,1,,0,5,100,20000,45,135565,0,0,36,379,2022,2,1,16,20,22.729,0.2,5,3,700.8622592,701.8123059,SUBJ-ID-279,FP-Aversive-AM-220201-160835,0,0,1,0
100,100,300,1,0,1000,1,,0,5,100,20000,45,149724,0,0,36,380,2022,2,1,16,20,23.888,0.2,5,3,702.0026675,702.9527142,SUBJ-ID-279,FP-Aversive-AM-220201-160835,0,0,1,0
100,100,300,0,0,1000,0,664.16672,0.119999997,5,100,20000,45,165467,0,0,17,381,2022,2,1,16,20,25.178,0.2,5,3,703.1595213,704.1595597,SUBJ-ID-279,FP-Aversive-AM-220201-160835,1,0,0,0
100,100,300,0,0,1000,1,,0,5,100,20000,45,179960,0,0,36,382,2022,2,1,16,20,26.365,0.2,5,3,704.4513382,705.401385,SUBJ-ID-279,FP-Aversive-AM-220201-160835,0,0,1,0
100,100,300,0,0,1000,1,,0,5,100,20000,45,194072,0,0,36,383,2022,2,1,16,20,27.521,0.2,5,3,705.62304,706.5730867,SUBJ-ID-279,FP-Aversive-AM-220201-160835,0,0,1,0
100,100,300,0,0,1000,1,,0,5,100,20000,45,208213,0,0,36,384,2022,2,1,16,20,28.68,0.2,5,3,706.7829248,707.7329715,SUBJ-ID-279,FP-Aversive-AM-220201-160835,0,0,1,0
100,100,300,0,0,1000,1,,0,5,100,20000,45,221991,0,0,36,385,2022,2,1,16,20,29.809,0.2,5,3,707.9382426,708.8882893,SUBJ-ID-279,FP-Aversive-AM-220201-160835,0,0,1,0
100,100,300,0,0,1000,1,,0,5,100,20000,45,236677,0,0,36,386,2022,2,1,16,20,31.011,0.2,5,3,709.0787328,710.0287795,SUBJ-ID-279,FP-Aversive-AM-220201-160835,0,0,1,0
100,100,300,0,0,1000,0,,0.079999998,5,100,20000,45,250397,0,0,18,387,2022,2,1,16,20,32.135,0.2,5,3,710.2692762,711.2193229,SUBJ-ID-279,FP-Aversive-AM-220201-160835,0,1,0,0
100,100,300,0,0,1000,1,,0,5,100,20000,45,264825,0,0,36,388,2022,2,1,16,20,33.317,0.2,5,3,711.405097,712.3551437,SUBJ-ID-279,FP-Aversive-AM-220201-160835,0,0,1,0
100,100,300,0,0,1000,1,,0,5,100,20000,45,278832,0,0,36,389,2022,2,1,16,20,34.465,0.2,5,3,712.5784371,713.5284838,SUBJ-ID-279,FP-Aversive-AM-220201-160835,0,0,1,0
100,100,300,0,0,1000,1,,0,5,100,20000,45,292767,0,0,36,390,2022,2,1,16,20,35.606,0.2,5,3,713.733079,714.6831258,SUBJ-ID-279,FP-Aversive-AM-220201-160835,0,0,1,0
100,100,300,1,0,1000,0,1079.1732,0.349999994,5,100,20000,45,306868,0,0,18,391,2022,2,1,16,20,36.762,0.2,5,3,714.8832768,715.8333235,SUBJ-ID-279,FP-Aversive-AM-220201-160835,0,1,0,0
100,100,300,1,0,1000,1,,0,5,100,20000,45,332921,0,0,36,392,2022,2,1,16,20,38.896,0.2,5,3,717.0195456,717.9695923,SUBJ-ID-279,FP-Aversive-AM-220201-160835,0,0,1,0
100,100,300,1,0,1000,1,,0,5,100,20000,45,347189,0,0,36,393,2022,2,1,16,20,40.065,0.2,5,3,718.1571072,719.1071539,SUBJ-ID-279,FP-Aversive-AM-220201-160835,0,0,1,0
100,100,300,1,0,1000,1,,0,5,100,20000,45,361154,0,0,36,394,2022,2,1,16,20,41.209,0.2,5,3,719.330857,720.2809037,SUBJ-ID-279,FP-Aversive-AM-220201-160835,0,0,1,0
100,100,300,1,0,1000,0,572.86616,0.25,5,100,20000,45,9976,0,0,17,395,2022,2,1,16,20,42.471,0.2,5,3,720.4752998,721.4753382,SUBJ-ID-279,FP-Aversive-AM-220201-160835,1,0,0,0
100,100,300,1,0,1000,1,,0,5,100,20000,45,25089,0,0,36,396,2022,2,1,16,20,43.71,0.2,5,3,721.7381581,722.6882048,SUBJ-ID-279,FP-Aversive-AM-220201-160835,0,0,1,0
100,100,300,1,0,1000,1,,0,5,100,20000,45,39278,0,0,36,397,2022,2,1,16,20,44.872,0.2,5,3,722.9707059,723.9207526,SUBJ-ID-279,FP-Aversive-AM-220201-160835,0,0,1,0
100,100,300,1,0,1000,1,,0,5,100,20000,45,52987,0,0,36,398,2022,2,1,16,20,45.995,0.2,5,3,724.1260237,725.0760704,SUBJ-ID-279,FP-Aversive-AM-220201-160835,0,0,1,0
100,100,300,1,0,1000,1,,0,5,100,20000,45,67061,0,0,36,399,2022,2,1,16,20,47.148,0.2,5,3,725.2719206,726.2219674,SUBJ-ID-279,FP-Aversive-AM-220201-160835,0,0,1,0
100,100,300,1,0,1000,0,1096.2738,0.180000007,5,100,20000,45,81233,0,0,18,400,2022,2,1,16,20,48.309,0.2,5,3,726.4049152,727.3549619,SUBJ-ID-279,FP-Aversive-AM-220201-160835,0,1,0,0
100,100,300,1,0,1000,1,,0,5,100,20000,45,106187,0,0,36,401,2022,2,1,16,20,50.353,0.2,5,3,728.4476518,729.3976986,SUBJ-ID-279,FP-Aversive-AM-220201-160835,0,0,1,0
100,100,300,1,0,1000,1,,0,5,100,20000,45,120400,0,0,36,402,2022,2,1,16,20,51.518,0.2,5,3,729.6219136,730.5719603,SUBJ-ID-279,FP-Aversive-AM-220201-160835,0,0,1,0
100,100,300,1,0,1000,1,,0,5,100,20000,45,134830,0,0,36,403,2022,2,1,16,20,52.7,0.2,5,3,730.7934106,731.7434573,SUBJ-ID-279,FP-Aversive-AM-220201-160835,0,0,1,0
100,100,300,1,0,1000,1,,0,5,100,20000,45,148583,0,0,36,404,2022,2,1,16,20,53.827,0.2,5,3,731.9540122,732.9040589,SUBJ-ID-279,FP-Aversive-AM-220201-160835,0,0,1,0
100,100,300,0,0,1000,0,,0.119999997,5,100,20000,45,162859,0,0,18,405,2022,2,1,16,20,54.996,0.2,5,3,733.1007488,734.0507955,SUBJ-ID-279,FP-Aversive-AM-220201-160835,0,1,0,0
100,100,300,0,0,1000,1,,0,5,100,20000,45,176891,0,0,36,406,2022,2,1,16,20,56.146,0.2,5,3,734.2710989,735.2211456,SUBJ-ID-279,FP-Aversive-AM-220201-160835,0,0,1,0
100,100,300,0,0,1000,1,,0,5,100,20000,45,190988,0,0,36,407,2022,2,1,16,20,57.301,0.2,5,3,735.4063462,736.356393,SUBJ-ID-279,FP-Aversive-AM-220201-160835,0,0,1,0
100,100,300,0,0,1000,1,,0,5,100,20000,45,205011,0,0,36,408,2022,2,1,16,20,58.45,0.2,5,3,736.5625856,737.5126323,SUBJ-ID-279,FP-Aversive-AM-220201-160835,0,0,1,0
100,100,300,0,0,1000,1,,0,5,100,20000,45,219303,0,0,36,409,2022,2,1,16,20,59.62,0.2,5,3,737.7080115,738.6580582,SUBJ-ID-279,FP-Aversive-AM-220201-160835,0,0,1,0
100,100,300,0,0,1000,0,,0.079999998,5,100,20000,45,233463,0,0,18,410,2022,2,1,16,21,0.78,0.2,5,3,738.878976,739.8677914,SUBJ-ID-279,FP-Aversive-AM-220201-160835,0,1,0,0
100,100,300,0,0,1000,1,,0,5,100,20000,45,247390,0,0,36,411,2022,2,1,16,21,1.921,0.2,5,3,740.0472166,740.9972634,SUBJ-ID-279,FP-Aversive-AM-220201-160835,0,0,1,0
100,100,300,0,0,1000,1,,0,5,100,20000,45,261190,0,0,36,412,2022,2,1,16,21,3.051,0.2,5,3,741.1898573,742.139904,SUBJ-ID-279,FP-Aversive-AM-220201-160835,0,0,1,0
100,100,300,0,0,1000,1,,0,5,100,20000,45,275393,0,0,36,413,2022,2,1,16,21,4.215,0.2,5,3,742.3244083,743.274455,SUBJ-ID-279,FP-Aversive-AM-220201-160835,0,0,1,0
100,100,300,0,0,1000,1,687.12448,0,5,100,20000,45,289849,0,0,40,414,2022,2,1,16,21,5.4,0.2,5,3,743.4843955,744.4844339,SUBJ-ID-279,FP-Aversive-AM-220201-160835,0,0,0,1
100,100,300,1,0,1000,0,599.77696,0.349999994,5,100,20000,45,305377,0,0,17,415,2022,2,1,16,21,6.671,0.2,5,3,744.687575,745.6876134,SUBJ-ID-279,FP-Aversive-AM-220201-160835,1,0,0,0
100,100,300,1,0,1000,1,,0,5,100,20000,45,328909,0,0,36,416,2022,2,1,16,21,8.599,0.2,5,3,746.7180442,747.6680909,SUBJ-ID-279,FP-Aversive-AM-220201-160835,0,0,1,0
100,100,300,1,0,1000,1,,0,5,100,20000,45,343092,0,0,36,417,2022,2,1,16,21,9.761,0.2,5,3,747.8568755,748.8069222,SUBJ-ID-279,FP-Aversive-AM-220201-160835,0,0,1,0
100,100,300,1,0,1000,1,,0,5,100,20000,45,356897,0,0,36,418,2022,2,1,16,21,10.892,0.2,5,3,749.0167194,749.9667661,SUBJ-ID-279,FP-Aversive-AM-220201-160835,0,0,1,0
100,100,300,1,0,1000,1,,0,5,100,20000,45,4752,0,0,36,419,2022,2,1,16,21,12.075,0.2,5,3,750.180864,751.1309107,SUBJ-ID-279,FP-Aversive-AM-220201-160835,0,0,1,0
100,100,300,1,0,1000,0,1049.64088,0.25,5,100,20000,45,18989,0,0,18,420,2022,2,1,16,21,13.242,0.2,5,3,751.3450291,752.2950758,SUBJ-ID-279,FP-Aversive-AM-220201-160835,0,1,0,0
100,100,300,1,0,1000,1,,0,5,100,20000,45,51086,0,0,36,421,2022,2,1,16,21,15.872,0.2,5,3,753.9679027,754.9179494,SUBJ-ID-279,FP-Aversive-AM-220201-160835,0,0,1,0
100,100,300,1,0,1000,1,,0,5,100,20000,45,65207,0,0,36,422,2022,2,1,16,21,17.028,0.2,5,3,755.1440896,756.0941363,SUBJ-ID-279,FP-Aversive-AM-220201-160835,0,0,1,0
100,100,300,1,0,1000,1,,0,5,100,20000,45,79424,0,0,36,423,2022,2,1,16,21,18.193,0.2,5,3,756.3007795,757.2508262,SUBJ-ID-279,FP-Aversive-AM-220201-160835,0,0,1,0
100,100,300,1,0,1000,0,1071.71796,0.180000007,5,100,20000,45,93265,0,0,18,424,2022,2,1,16,21,19.327,0.2,5,3,757.454295,758.4043418,SUBJ-ID-279,FP-Aversive-AM-220201-160835,0,1,0,0
100,100,300,1,0,1000,1,775.33232,0,5,100,20000,45,123208,0,0,40,425,2022,2,1,16,21,21.779,0.2,5,3,759.7811917,760.7812301,SUBJ-ID-279,FP-Aversive-AM-220201-160835,0,0,0,1
100,100,300,1,0,1000,1,,0,5,100,20000,45,153132,0,0,36,426,2022,2,1,16,21,24.231,0.2,5,3,762.310103,763.2601498,SUBJ-ID-279,FP-Aversive-AM-220201-160835,0,0,1,0
100,100,300,1,0,1000,1,,0,5,100,20000,45,167048,0,0,36,427,2022,2,1,16,21,25.371,0.2,5,3,763.498537,764.4485837,SUBJ-ID-279,FP-Aversive-AM-220201-160835,0,0,1,0
100,100,300,1,0,1000,1,,0,5,100,20000,45,181138,0,0,36,428,2022,2,1,16,21,26.526,0.2,5,3,764.6435533,765.5936,SUBJ-ID-279,FP-Aversive-AM-220201-160835,0,0,1,0
100,100,300,0,0,1000,0,,0.119999997,5,100,20000,45,195325,0,0,18,429,2022,2,1,16,21,27.687,0.2,5,3,765.7934438,766.7434906,SUBJ-ID-279,FP-Aversive-AM-220201-160835,0,1,0,0
100,100,300,0,0,1000,1,,0,5,100,20000,45,209736,0,0,36,430,2022,2,1,16,21,28.868,0.2,5,3,766.9567078,767.9067546,SUBJ-ID-279,FP-Aversive-AM-220201-160835,0,0,1,0
100,100,300,0,0,1000,1,,0,5,100,20000,45,224172,0,0,36,431,2022,2,1,16,21,30.051,0.2,5,3,768.1388954,769.0889421,SUBJ-ID-279,FP-Aversive-AM-220201-160835,0,0,1,0
100,100,300,0,0,1000,1,,0,5,100,20000,45,238382,0,0,36,432,2022,2,1,16,21,31.215,0.2,5,3,769.3131981,770.2632448,SUBJ-ID-279,FP-Aversive-AM-220201-160835,0,0,1,0
100,100,300,0,0,1000,1,,0,5,100,20000,45,253422,0,0,36,433,2022,2,1,16,21,32.447,0.2,5,3,770.4873165,771.4373632,SUBJ-ID-279,FP-Aversive-AM-220201-160835,0,0,1,0
100,100,300,0,0,1000,1,,0,5,100,20000,45,267402,0,0,36,434,2022,2,1,16,21,33.593,0.2,5,3,771.7067366,772.6567834,SUBJ-ID-279,FP-Aversive-AM-220201-160835,0,0,1,0
100,100,300,0,0,1000,0,,0.079999998,5,100,20000,45,281702,0,0,18,435,2022,2,1,16,21,34.763,0.2,5,3,772.8651878,773.8152346,SUBJ-ID-279,FP-Aversive-AM-220201-160835,0,1,0,0
100,100,300,0,0,1000,1,,0,5,100,20000,45,295860,0,0,36,436,2022,2,1,16,21,35.924,0.2,5,3,774.0317491,774.9817958,SUBJ-ID-279,FP-Aversive-AM-220201-160835,0,0,1,0
100,100,300,0,0,1000,1,,0,5,100,20000,45,309905,0,0,36,437,2022,2,1,16,21,37.074,0.2,5,3,775.185449,776.1354957,SUBJ-ID-279,FP-Aversive-AM-220201-160835,0,0,1,0
100,100,300,0,0,1000,1,,0,5,100,20000,45,323971,0,0,36,438,2022,2,1,16,21,38.227,0.2,5,3,776.3420979,777.2921446,SUBJ-ID-279,FP-Aversive-AM-220201-160835,0,0,1,0
100,100,300,1,0,1000,0,527.17572,0.349999994,5,100,20000,45,339247,0,0,17,439,2022,2,1,16,21,39.478,0.2,5,3,777.4840013,778.4840397,SUBJ-ID-279,FP-Aversive-AM-220201-160835,1,0,0,0
100,100,300,1,0,1000,1,,0,5,100,20000,45,354760,0,0,36,440,2022,2,1,16,21,40.749,0.2,5,3,778.8069478,779.7569946,SUBJ-ID-279,FP-Aversive-AM-220201-160835,0,0,1,0
100,100,300,1,0,1000,1,,0,5,100,20000,45,2660,0,0,36,441,2022,2,1,16,21,41.935,0.2,5,3,780.0245862,780.974633,SUBJ-ID-279,FP-Aversive-AM-220201-160835,0,0,1,0
100,100,300,1,0,1000,1,716.4724,0,5,100,20000,45,17858,0,0,40,442,2022,2,1,16,21,43.181,0.2,5,3,781.2043776,782.204416,SUBJ-ID-279,FP-Aversive-AM-220201-160835,0,0,0,1
100,100,300,1,0,1000,1,,0,5,100,20000,45,131584,0,0,36,443,2022,2,1,16,21,52.498,0.2,5,3,790.5787904,791.5288371,SUBJ-ID-279,FP-Aversive-AM-220201-160835,0,0,1,0
100,100,300,1,0,1000,1,,0,5,100,20000,45,145687,0,0,36,444,2022,2,1,16,21,53.653,0.2,5,3,791.7708493,792.720896,SUBJ-ID-279,FP-Aversive-AM-220201-160835,0,0,1,0
100,100,300,1,0,1000,0,1019.22832,0.25,5,100,20000,45,160058,0,0,18,445,2022,2,1,16,21,54.83,0.2,5,3,792.9244877,793.8745344,SUBJ-ID-279,FP-Aversive-AM-220201-160835,0,1,0,0
100,100,300,1,0,1000,1,,0,5,100,20000,45,183815,0,0,36,446,2022,2,1,16,21,56.776,0.2,5,3,794.9085901,795.8586368,SUBJ-ID-279,FP-Aversive-AM-220201-160835,0,0,1,0
100,100,300,1,0,1000,1,,0,5,100,20000,45,197724,0,0,36,447,2022,2,1,16,21,57.917,0.2,5,3,796.0485069,796.9985536,SUBJ-ID-279,FP-Aversive-AM-220201-160835,0,0,1,0
100,100,300,1,0,1000,1,,0,5,100,20000,45,212073,0,0,36,448,2022,2,1,16,21,59.092,0.2,5,3,797.1852493,798.135296,SUBJ-ID-279,FP-Aversive-AM-220201-160835,0,0,1,0
100,100,300,1,0,1000,1,,0,5,100,20000,45,226172,0,0,36,449,2022,2,1,16,22,0.247,0.2,5,3,798.3609856,799.3110323,SUBJ-ID-279,FP-Aversive-AM-220201-160835,0,0,1,0
100,100,300,1,0,1000,0,526.04916,0.180000007,5,100,20000,45,240611,0,0,17,450,2022,2,1,16,22,1.429,0.2,5,3,799.5147878,800.5148262,SUBJ-ID-279,FP-Aversive-AM-220201-160835,1,0,0,0
100,100,300,1,0,1000,1,,0,5,100,20000,45,254992,0,0,36,451,2022,2,1,16,22,2.609,0.2,5,3,800.6991667,801.6492134,SUBJ-ID-279,FP-Aversive-AM-220201-160835,0,0,1,0
100,100,300,1,0,1000,1,,0,5,100,20000,45,269262,0,0,36,452,2022,2,1,16,22,3.777,0.2,5,3,801.8796544,802.8297011,SUBJ-ID-279,FP-Aversive-AM-220201-160835,0,0,1,0
100,100,300,1,0,1000,1,559.96404,0,5,100,20000,45,284718,0,0,40,453,2022,2,1,16,22,5.043,0.2,5,3,803.047465,804.0475034,SUBJ-ID-279,FP-Aversive-AM-220201-160835,0,0,0,1
100,100,300,1,0,1000,1,,0,5,100,20000,45,312282,0,0,36,454,2022,2,1,16,22,7.301,0.2,5,3,805.4332416,806.3832883,SUBJ-ID-279,FP-Aversive-AM-220201-160835,0,0,1,0
100,100,300,1,0,1000,1,,0,5,100,20000,45,326203,0,0,36,455,2022,2,1,16,22,8.442,0.2,5,3,806.5606451,807.5106918,SUBJ-ID-279,FP-Aversive-AM-220201-160835,0,0,1,0
100,100,300,0,0,1000,0,,0.119999997,5,100,20000,45,340517,0,0,18,456,2022,2,1,16,22,9.614,0.2,5,3,807.71584,808.6658867,SUBJ-ID-279,FP-Aversive-AM-220201-160835,0,1,0,0
100,100,300,0,0,1000,1,,0,5,100,20000,45,355109,0,0,36,457,2022,2,1,16,22,10.809,0.2,5,3,808.8901222,809.840169,SUBJ-ID-279,FP-Aversive-AM-220201-160835,0,0,1,0
100,100,300,0,0,1000,1,,0,5,100,20000,45,2645,0,0,36,458,2022,2,1,16,22,11.967,0.2,5,3,810.0746445,811.0246912,SUBJ-ID-279,FP-Aversive-AM-220201-160835,0,0,1,0
100,100,300,0,0,1000,1,,0,5,100,20000,45,16839,0,0,36,459,2022,2,1,16,22,13.13,0.2,5,3,811.2373965,812.1874432,SUBJ-ID-279,FP-Aversive-AM-220201-160835,0,0,1,0
100,100,300,0,0,1000,0,,0.079999998,5,100,20000,45,31301,0,0,18,460,2022,2,1,16,22,14.315,0.2,5,3,812.4017869,813.36576,SUBJ-ID-279,FP-Aversive-AM-220201-160835,0,1,0,0
100,100,300,0,0,1000,1,,0,5,100,20000,45,45323,0,0,36,461,2022,2,1,16,22,15.463,0.2,5,3,813.5765606,814.5266074,SUBJ-ID-279,FP-Aversive-AM-220201-160835,0,0,1,0
100,100,300,0,0,1000,1,,0,5,100,20000,45,59650,0,0,36,462,2022,2,1,16,22,16.637,0.2,5,3,814.7288474,815.6788941,SUBJ-ID-279,FP-Aversive-AM-220201-160835,0,0,1,0
100,100,300,0,0,1000,1,,0,5,100,20000,45,73829,0,0,36,463,2022,2,1,16,22,17.798,0.2,5,3,815.9038259,816.8538726,SUBJ-ID-279,FP-Aversive-AM-220201-160835,0,0,1,0
100,100,300,0,0,1000,1,,0,5,100,20000,45,87799,0,0,36,464,2022,2,1,16,22,18.943,0.2,5,3,817.0641408,818.0141875,SUBJ-ID-279,FP-Aversive-AM-220201-160835,0,0,1,0
100,100,300,1,0,1000,0,445.6042,0.349999994,5,100,20000,45,102464,0,0,17,465,2022,2,1,16,22,20.144,0.2,5,3,818.2151168,819.2151552,SUBJ-ID-279,FP-Aversive-AM-220201-160835,1,0,0,0
100,100,300,1,0,1000,1,,0,5,100,20000,45,117716,0,0,36,466,2022,2,1,16,22,21.394,0.2,5,3,819.5125862,820.462633,SUBJ-ID-279,FP-Aversive-AM-220201-160835,0,0,1,0
100,100,300,1,0,1000,1,,0,5,100,20000,45,131823,0,0,36,467,2022,2,1,16,22,22.549,0.2,5,3,820.6513562,821.6014029,SUBJ-ID-279,FP-Aversive-AM-220201-160835,0,0,1,0
100,100,300,1,0,1000,1,,0,5,100,20000,45,145648,0,0,36,468,2022,2,1,16,22,23.681,0.2,5,3,821.8143334,822.7643802,SUBJ-ID-279,FP-Aversive-AM-220201-160835,0,0,1,0
100,100,300,1,0,1000,1,,0,5,100,20000,45,159656,0,0,36,469,2022,2,1,16,22,24.829,0.2,5,3,822.9490483,823.899095,SUBJ-ID-279,FP-Aversive-AM-220201-160835,0,0,1,0
100,100,300,1,0,1000,0,705.24976,0.25,5,100,20000,45,175344,0,0,17,470,2022,2,1,16,22,26.115,0.2,5,3,824.1103462,825.1103846,SUBJ-ID-279,FP-Aversive-AM-220201-160835,1,0,0,0
100,100,300,1,0,1000,1,,0,5,100,20000,45,189160,0,0,36,471,2022,2,1,16,22,27.247,0.2,5,3,825.3712384,826.3212851,SUBJ-ID-279,FP-Aversive-AM-220201-160835,0,0,1,0
100,100,300,1,0,1000,1,,0,5,100,20000,45,203280,0,0,36,472,2022,2,1,16,22,28.403,0.2,5,3,826.5128141,827.4628608,SUBJ-ID-279,FP-Aversive-AM-220201-160835,0,0,1,0
100,100,300,1,0,1000,1,,0,5,100,20000,45,217117,0,0,36,473,2022,2,1,16,22,29.536,0.2,5,3,827.671511,828.6215578,SUBJ-ID-279,FP-Aversive-AM-220201-160835,0,0,1,0
100,100,300,1,0,1000,1,,0,5,100,20000,45,231426,0,0,36,474,2022,2,1,16,22,30.708,0.2,5,3,828.7948595,829.7449062,SUBJ-ID-279,FP-Aversive-AM-220201-160835,0,0,1,0
100,100,300,1,0,1000,0,1002.1888,0.180000007,5,100,20000,45,245223,0,0,18,475,2022,2,1,16,22,31.84,0.2,5,3,829.9656192,830.9156659,SUBJ-ID-279,FP-Aversive-AM-220201-160835,0,1,0,0
100,100,300,1,0,1000,1,,0,5,100,20000,45,268870,0,0,36,476,2022,2,1,16,22,33.777,0.2,5,3,831.876055,832.8261018,SUBJ-ID-279,FP-Aversive-AM-220201-160835,0,0,1,0
100,100,300,1,0,1000,1,,0,5,100,20000,45,283199,0,0,36,477,2022,2,1,16,22,34.95,0.2,5,3,833.0427392,833.9927859,SUBJ-ID-279,FP-Aversive-AM-220201-160835,0,0,1,0
100,100,300,1,0,1000,1,,0,5,100,20000,45,297463,0,0,36,478,2022,2,1,16,22,36.118,0.2,5,3,834.2219776,835.1720243,SUBJ-ID-279,FP-Aversive-AM-220201-160835,0,0,1,0
100,100,300,1,0,1000,1,,0,5,100,20000,45,311630,0,0,36,479,2022,2,1,16,22,37.279,0.2,5,3,835.3848934,836.3349402,SUBJ-ID-279,FP-Aversive-AM-220201-160835,0,0,1,0
100,100,300,0,0,1000,0,,0.119999997,5,100,20000,45,325937,0,0,18,480,2022,2,1,16,22,38.452,0.2,5,3,836.547625,837.4976717,SUBJ-ID-279,FP-Aversive-AM-220201-160835,0,1,0,0
100,100,300,0,0,1000,1,,0,5,100,20000,45,339919,0,0,36,481,2022,2,1,16,22,39.597,0.2,5,3,837.7163776,838.6664243,SUBJ-ID-279,FP-Aversive-AM-220201-160835,0,0,1,0
100,100,300,0,0,1000,1,,0,5,100,20000,45,354376,0,0,36,482,2022,2,1,16,22,40.781,0.2,5,3,838.856192,839.8062387,SUBJ-ID-279,FP-Aversive-AM-220201-160835,0,0,1,0
100,100,300,0,0,1000,1,,0,5,100,20000,45,1658,0,0,36,483,2022,2,1,16,22,41.917,0.2,5,3,840.0478208,840.9978675,SUBJ-ID-279,FP-Aversive-AM-220201-160835,0,0,1,0
100,100,300,0,0,1000,1,,0,5,100,20000,45,15824,0,0,36,484,2022,2,1,16,22,43.078,0.2,5,3,841.1839283,842.133975,SUBJ-ID-279,FP-Aversive-AM-220201-160835,0,0,1,0
100,100,300,0,0,1000,0,,0.079999998,5,100,20000,45,29874,0,0,18,485,2022,2,1,16,22,44.229,0.2,5,3,842.3494042,843.2994509,SUBJ-ID-279,FP-Aversive-AM-220201-160835,0,1,0,0
100,100,300,0,0,1000,1,,0,5,100,20000,45,44055,0,0,36,486,2022,2,1,16,22,45.391,0.2,5,3,843.5033498,844.4533965,SUBJ-ID-279,FP-Aversive-AM-220201-160835,0,0,1,0
100,100,300,0,0,1000,1,,0,5,100,20000,45,58113,0,0,36,487,2022,2,1,16,22,46.543,0.2,5,3,844.6618214,845.6118682,SUBJ-ID-279,FP-Aversive-AM-220201-160835,0,0,1,0
100,100,300,0,0,1000,1,,0,5,100,20000,45,72052,0,0,36,488,2022,2,1,16,22,47.684,0.2,5,3,845.8072064,846.7572531,SUBJ-ID-279,FP-Aversive-AM-220201-160835,0,0,1,0
